title,# pages,year of publication,author,publisher,year of birth,year of death,nationality,sex,language
i colori di morrow,141,1972,a. bertram chandler,urania (mondadori),1912,1984,England - Australia,m,italiano
le armi di isher,454,1946,a.e. van vogt,nord,1912,2000,Canada,m,italiano
crociera nell'infinito,224,1950,a.e. van vogt,urania (mondadori),1912,2000,Canada,m,italiano
universo e dintorni,351,1978,VV.AA.,garzanti,/,/,/,/,italiano
the gospel according to david foster wallace,136,2016,adam s. miller,bloomsbury,,,United States of America,m,
trilogia della citta di k ,379,1986,agota kristof,einaudi,1935,2011,Hungary,f,italiano
vita e morte dell'ordine dei templari,326,2005,Alain Demurger,Il giornale,1939,/,France,m,italiano
relatività,326,1916,albert einstein,bollati boringhieri,1879,1955,Germany,m,italiano
il significato della relatività - il mondo come io lo vedo,256,1934,albert einstein,newton compton,1879,1955,Germany,m,italiano
la rivoluzione francese - volume secondo,511,1960,albert mathiez - georges lefebvre,einaudi,"1874, 1874","1932, 1959",France,m,italiano
romanzi e racconti,497,V.Y.,Aleksandr Sergeevic Puskin,garzanti,1799,1837,Russia,m,italiano
una giornata di ivan denisovic,174,1963,aleksandr solzenicyn,einaudi,1918,2008,Russia ,m,italiano
arcipelago gulag,607,1973,aleksandr solzenicyn,mondadori,1918,2008,Russia ,m,italiano
la voglia dei cazzi ,139,2013,alessandro barbero,edizioni mercuriao,1959,/,Italy,m,italiano
le ateniesi,160,2015,alessandro barbero,mondadori,1959,/,Italy,m,italiano
alabama,262,2021,alessandro barbero,sellerio editore,1959,/,Italy,m,italiano
la leggenda di colton h. bryant,229,2008,alexandra fuller,mondadori,1969,/,England,f,italiano
dal mondo del pressappoco all'universo di precisione,134,1961,alexandre koyré,einaudi,1892,1964,France,m,italiano
l'uomo disintegrato,224,1953,alfred bester,urania (mondadori),1913,1987,United States of America,m,italiano
lineamenti di storia delle religioni,352,1984,ambrogio donini,editori riuniti,1903,1991,Italy,m,italiano
breve storia delle religioni,298,1991,ambrogio donini,newton compton,1903,1991,Italy,m,italiano
l'equazione di dio,223,1999,amir d. aczel,il saggiatore,1950,2015,Israel,m,italiano
entanglement,260,2001,amir d. aczel,raffaello cortina editore,1950,2015,Israel,m,italiano
gli esuli delle stelle,255,1971,andre norton,libra editrice,1912,2005,United States of America,f,italiano
il guardiano degli innocenti,372,1993,andrzej sapkowski,nord,1948,/,Poland,m,italiano
la valle oscura,309,2020,anna wiener,adelphi,1987,/,United States of America,f,italiano
il velo di einstein,218,2003,anton zeilinger,einaudi,1945,/,Austria,m,italiano
2010 - odissea due,362,1982,arthur c. clarke,BUR,1917,2008,England,m,italiano
the return of sherlock holmes,370,1905,arthur conan doyle,collins classics,1859,1930,England,m,english
"spazio, tempo e gravitazione",272,1920,arthur eddington,bollati boringhieri,1882,1944,England,m,italiano
gioco all'alba,152,1961,arthur schnitzler,adelphi,1862,1931,Austria,m,italiano
il ritorno di casanova,149,1900,arthur schnitzler,adelphi,1862,1931,Austria,m,italiano
lo smemorato di tapiola,232,1991,arto paasilinna,iperborea,1942,2018,Finland,m,italiano
il figlio del dio del tuono,285,1984,arto paasilinna,iperborea,1942,2018,Finland,m,italiano
il mugnaio urlante,276,1981,arto paasilinna,iperborea,1942,2018,Finland,m,italiano
piccoli suicidi tra amici,259,1990,arto paasilinna,iperborea,1942,2018,Finland,m,italiano
il bosco delle volpi,267,1983,arto paasilinna,iperborea,1942,2018,Finland,m,italiano
il dottor Zivago,717,1957,b.l. pasternak,feltrinelli,1890,1960,Russia,m,italiano
introduction to plasma physics,175,1975,b.m. smirnov,Mir Publishers Moscow,1938,/,Russia,m,english
scienza e politica nel mondo antico,218,1946,benjamin farrington,feltrinelli,1891,1974,Ireland,m,italiano
il rogo ,150,1992,bergljot hobaek haff,iperborea,1925,2016,Norway,m,italiano
vita di galileo,251,1943,bertolt brecht,einaudi,1898,1956,Germany,m,italiano
l'abc della relatività,191,1958,bertrand russell,longanesi,1872,1950,United States of America,m,italiano
strade per la libertà,251,1971,bertrand russell,newton compton,1872,1950,United States of America,m,italiano
l'impatto della scienza sulla società,139,1952,bertrand russell,newton compton,1872,1950,United States of America,m,italiano
diario africano,88,2002,bill bryson,guanda,1951,/,United States of America,m,italiano
breve storia di quasi tutto,589,2003,bill bryson,tea,1951,/,United States of America,m,italiano
notizie da un'isoletta,320,1995,bill bryson,tea,1951,/,United States of America,m,italiano
una citta o l'altra,346,1991,bill bryson,tea,1951,/,United States of America,m,italiano
la vera storia del pirata long john silver,512,1998,bjorn larsson,iperborea,1953,/,Sweden,m,italiano
l'ultima avventura del pirata long john silver,78,2013,bjorn larsson,iperborea,1953,/,Sweden,m,italiano
il cerchio celtico,409,1992,bjorn larsson,iperborea,1953,/,Sweden,m,italiano
chronicles,270,2004,bob dylan,feltrinelli,1941,/,United States of America,m,italiano
tarantula,340,1966,bob dylan,feltrinelli,1941,/,United States of America,m,italiano
il pianeta nell'occhio del tempo,160,1970,brian earnshaw,nord,1929,/,England,m,italiano
civiltà sepolte - il romanzo dell'archeologia,502,1957,c. w. ceram,einaudi,1915,1972,Germany,m,italiano
montezuma,222,1972,c.a. burland,einaudi,1905,1983,England,m,italiano
contatto cosmico ,304,1973,carl sagan,rizzoli,1934,1996,United States of America,m,italiano
storia dell'uomo,435,1954,carleton s. coon,garzanti,1904,1981,United States of America,m,italiano
helgoland,227,2020,carlo rovelli,adelphi,1956,/,Italy,m,italiano
il volo spaziale,187,1969,cesare cremona,Edizioni RAI,/,/,Italy,m,italiano
le poesie,338,V.Y.,cesare pavese,einaudi,1908,1950,Italy,m,italiano
le rive di un altro mare,148,1971,chad oliver,urania (mondadori),1928,1993,United States of America,m,italiano
le spirali del tempo,192,1957,chad oliver,urania (mondadori),1928,1993,United States of America,m,italiano
l'origine delle specie,580,1859,charles darwin,bollati boringhieri,1809,1882,England,m,italiano
delitto alla base spaziale,172,1963,charles eric maine,mondadori,1921,1981,England,m,italiano
breve storia del pensiero scientifico,484,1959,charles singer,einaudi,1876,1960,England,m,italiano
consigli a un giovane ribelle,120,2001,christopher hitchens,einaudi,1949,2011,England - United States of America,m,italiano
il dottor faust,217,1588,christopher marlowe,mondadori,1564,1593,England,m,italiano
i conigli di schrodinger,323,2004,colin bruce,raffaello cortina editore,,/,England,m,italiano
figlio di dio,168,1973,cormac mccarthy,einaudi,1933,/,United States of America,m,italiano
il buio fuori,208,1968,cormac mccarthy,einaudi,1933,/,United States of America,m,italiano
la strada ,218,2006,cormac mccarthy,einaudi,1933,/,United States of America,m,italiano
meridiano di sangue,344,1985,cormac mccarthy,einaudi,1933,/,United States of America,m,italiano
non è un paese per vecchi,251,2005,cormac mccarthy,einaudi,1933,/,United States of America,m,italiano
sunset limited,116,2006,cormac mccarthy,einaudi,1933,/,United States of America,m,italiano
suttre,560,1979,cormac mccarthy,einaudi,1933,/,United States of America,m,italiano
trilogia della frontiera,1034,1992,cormac mccarthy,einaudi,1933,/,United States of America,m,italiano
il pianeta dei superstiti,141,1974,damon knight,urania (mondadori),1922,2002,United States of America,m,italiano
pane e bugie,328,2013,dario bressanini,chiarelettere,1963,/,Italy,m,italiano
astronomia - guida illustrata,328,1980,david baker,editori laterza,1944,/,England,m,italiano
infinite jest,1079,1996,david foster wallace,back bay books,1962,2008,United States of America,m,italiano
considera l'aragosta,383,2005,david foster wallace,einaudi,1962,2008,United States of America,m,italiano
infinite jest,1281,1996,david foster wallace,einaudi,1962,2008,United States of America,m,italiano
la scopa del sistema,553,1987,david foster wallace,einaudi,1962,2008,United States of America,m,italiano
everything and more,352,2003,david foster wallace,everything and more,1962,2008,United States of America,m,italiano
verso l'occidente l'impero dirige il suo corso,240,1989,david foster wallace,minimum fax,1962,2008,United States of America,m,italiano
il gradino di venere,144,1970,david grinnell,urania (mondadori),1914,1990,United States of America,m,italiano
mille e una terra,178,1971,david mason,urania (mondadori),1924,1974,United States of America,m,italiano
casi e caos,185,1992,david ruelle,bollati boringhieri,1935,/,Belgium,m,italiano
la pista dei mutanti,150,1975,dean r. koontz,nord,1945,/,United States of America,m,italiano
cuori solitari del cosmo,550,1991,dennis overbye,rizzoli,1944,/,United States of America,m,italiano
cosmologia moderna,218,1971,dennis w. sciama,mondadori,1926,1999,England,m,italiano
americana,400,1971,don delillo,einaudi,1935,/,United States of America,m ,italiano
cosmopolis,180,2003,don delillo,einaudi,1935,/,United States of America,m ,italiano
underworld,885,1997,don delillo,einaudi,1935,/,United States of America,m ,italiano
i giganti di pietra,158,1948,donald wandrei,urania (mondadori),1908,1987,United States of America,m,italiano
guida galattica per gli autostoppisti,645,1992,douglas adams,mondadori,1952,2001,England,m,italiano
"godel, escher, bach",852,1979,douglas r. hofstadter,adelphi,1977,/,United States of America,m,italiano
fuga dal labirinto ,185,1968,e.c. tubb,longanesi,1919,2010,England,m,italiano
la marcia,365,2005,e.l. doctorow,mondadori,1931,2015,United States of America,m,italiano
racconti ,289,V.Y.,Edgar Allan Poe,la biblioteca di repubblica,1809,1849,United States of America,m,italiano
Racconti del terrore,125,1845,Edgar Allan Poe,newton compton,1809,1949,United States of America,m,italiano
eureka,147,1848,Edgar Allan Poe,theoria,1809,1849,United States of America,m,italiano
i manoscritti del mar morto,147,1958,edmund wilson,einaudi,1895,1972,United States of America,m,italiano
la macchina televettrice,164,1971,edward d. hoch,urania (mondadori),1930,2008,United States of America,m,italiano
the longest journey,327,1907,edward morgan forster,new directions,1879,1970,England,m,english
il pensiero matematico,344,1953,edward stabler,bollati boringhieri,/,/,United States of America,m,italiano
flatlandia,138,1884,edwin a. abbott,einaudi,1938,1926,England,m,italiano
guida turistica dello universo,287,2021,emiliano ricci,giunti,1964,/,Italy,m,italiano
dell'origine,214,/,eraclito,feltrinelli,-535,-475,Greece,m,italiano
il big bang non c'è mai stato,494,1991,eric j lerner,edizioni dedalo,1947,/,United States of America,m,italiano
quando la terra aveva due lune,445,2021,erik asphaug,adelphi,1961,/,Norway,m,italiano
saluti e baci da mixing part,209,2009,erlend loe,iperborea,1969,/,Norway,m,italiano
addio alle armi,377,1929,ernest hemingway,corriere della sera,1899,1961,United States of America,m,italiano
linguaggio e mito,143,1959,ernst cassirer,garzanti,1874,1945,Germany,m,italiano
lo zen e il tiro con l'arco,100,1948,eugen herrigel,adelphi,1884,1955,Germany,m,italiano
il giocatore,267,1866,fedor m. dostoevskij,club degli editori,1821,1881,Russia,m,italiano
ricordi dal sottosuolo,204,1864,fedor m. dostoevskij,longanesi,1821,1881,Russia,m,italiano
logica,214,2007,francesco berto,editori laterza,1973,/,Italy,m,italiano
la battaglia di benevento,409,1827,francesco domenico guerrazzi,sonzogno,1804,1873,Italy,m,italiano
storia della letteratura araba,378,1962,francesco gabrieli,nuova accademia,1904,1966,Italy,m,italiano
gargantua e pantagruele,875,1532,francesco rabelais,gherardo casini editore,1483-1494,1553,France,m,italiano
un pianeta impossibile,128,1960,frank crisp,urania (mondadori),1915,1996,England,m,italiano
il processo ,240,1925,franz kafka,crescere edizioni,1883,1924,Czech Republic,m,italiano
il ramo d'oro,830,1890,frazer,newton compton,1854,1941,Wales,m,italiano
"galassie, nuclei e quasar",188,1975,fred hoyle,einaudi,1915,1986,England,m,italiano
il trono dei berserker,191,1985,fred saberhagen,urania (mondadori),1930,2007,United States of America,m,italiano
alpha aleph,134,1972,frederi k pohl,urania (mondadori),1919,2013,United States of America,m,italiano
gladiatore in legge,272,1974,frederi k pohl - c.m. kornbluth,libra editrice,1919-1923,2013-1958,United States of America,m,italiano
il medioevo (1100-1350),456,1962,friedrich heer,mondadori,1916,1983,Austria,m,italiano
idilli di messina - la gaia scienza e scelta di frammenti postumi,436,V.Y.,friedrich nietzsche,mondadori,1844,1900,Germany,m,italiano
homo faber,284,1957,frisch,garzanti,1911,1991,Switzerland,m,italiano
il tao della fisica,381,1975,fritjof capra,adelphi,1939,/,Austria,m,italiano
cronaca di una morte annunciata,90,1991,gabriel garcia marquez,einaudi,1927,2014,Colombia,m,italiano
cent'anni di solitudine,426,1967,gabriel garcia marquez,feltrinelli,1927,2014,Colombia,m,italiano
biografia della fisica,366,1963,george gamow,mondadori,1904,1968,Russia - United States of America,m,italiano
la creazione dello universo,186,1956,george gamow,mondadori,1904,1968,Russia - United States of America,m,italiano
"mister tompkins, l'atomo e l'universo",209,1940,george gamow,mondadori,1904,1968,Russia - United States of America,m,italiano
trent'anni che sconvolsero la fisica,205,1966,george gamow,zanichelli,1904,1968,Russia - United States of America,m,italiano
"il ""ponte"" di quattro giorni",175,1966,george henry smith,mondadori,1922,1996,United States of America,m,italiano
la fattoria degli animali,142,1945,george orwell,mondadori,1903,1905,England,m,italiano
le cronache del ghiaccio e del fuoco vol. 1 ,1599,1996,george r.r. martin,mondadori,1948,/,United States of America,m,italiano
il rogo dei templari,295,1963,georges bordonove,sugar editore,1920,2007,France,m,italiano
breve storia del cosmo,245,1998,gerard staguhn,salani,1952,/,Germany,m,italiano
inquietanti azioni a distanza,348,2015,geroge musser,adelphi,195,/,United States of America,m,italiano
il suono del mondo ,122,1991,giampiero comolli ,theoria,1950,/,Italy,m,italiano
le origini dell'epica geca,469,1960,gillbert murray,sansoni,1866,1957,Australia,m,italiano
in un volo di storni. le meraviglie dei sistemi complessi,124,2021,giorgio parisi,rizzoli,1948,/,Italy,m,italiano
la letteratura cinese,470,1968,giuliano bertuccioli,sansoni,1923,2001,Italy,m,italiano
storia della letteratura cinese,302,1959,giuliano bertuccioli,nuova accademia,1923,2001,Italy,m,italiano
i pianeti e le stelle,278,1975,giuseppe de florentis,de vecchi editore,1893,1978,Italy,m,italiano
l'evoluzione,243,1965,giuseppe montalenti,einaudi,1904,1990,Italy,m,italiano
il gattopardo,299,1957,giuseppe tomasi di lampedusa,feltrinelli,1896,1957,Italy,m,italiano
la via dello Swat,105,1978,giuseppe tucci,newton compton,1894,1984,Italy,m,italiano
supergods ,451,2011,grant morrison,bao,1960,/,Scotland,m,italiano
nel cuore della cometa,574,1986,gregory benford - David Brin,penguin classic,1941  & 1950,/,United States of America,m,italiano
un fisico in salotto,259,2011,guido corbò,tea,,/,Italy,m,italiano
il pastore d'islanda,160,2016,gunnar gunnarson,iperborea,1889,1975,Iceland,m,italiano
teoria del romanzo,190,1974,guorgy lukacs,newton compton,1885,1971,Hungary,m,italiano
stella doppia 61 cygni,189,1953,hal clement,mondadori,1922,2003,United States of America ,m,italiano
stella doppia 61 cygni,154,1953,hal clement,urania (mondadori),1992,2003,United States of America,m,italiano
il paradiso ritrovato,347,1960,halldor laxness,iperborea,1902,1998,Iceland,m,italiano
the planets - their origin and development,245,1952,harold c. urey,oxford,1893,1981,United States of America,m,english
lavoro e capitale monopolistico,465,1974,harry braverman,einaudi,1920,1976,United States of America,m,italiano
il pianeta dei dannati,270,1962,harry harrison,nord,1925,2012,United States of America,m,italiano
le basi della matematica moderna,191,1973,helmut seiffert,mondadori,1927,2000,Germany,m,italiano
il materialismo dialettico ,125,1947,henri lefebvre,einaudi,1901,1991,France,m,italiano
moby dick,770,1851,herman melville,mondadori,1819,1891,United States of America,m,italiano
siddharta,180,1922,hermann hesse,adelphi,1877,1962,Germany,m,italiano
citta scomparse,361,1955,hermann schreiber - georg schreiber,garzanti,1920 - 1922,2014 - 2012,Germany,m,italiano
storia d'europa dalle invasioni al XVI secolo,441,1936,hernri pirenne,newton compton,1862,1935,Belgium,m,italiano
sender prager,74,2015,i.j. singer,adelphi,1893,1944,Poland,m,italiano
i fratelli Ashkenaze,759,1937,i.j. singer,bollati boringhieri,1893,1944,Poland,m,italiano
amsterdam,170,1998,ian mcewan,einaudi,1948,/,England,m,italiano
cortesie per gli ospiti,134,1981,ian mcewan,einaudi,1948,/,England,m,italiano
solar,341,2010,ian mcewan,mondadori,1948,/,England,m,italiano
civiltà extraterrestri,283,1979,isaac asimov,club degli editori,1920,1992,Russia - United States of America,m,italiano
il collasso dello universo,243,1977,isaac asimov,club degli editori,1920,1992,Russia - United States of America,m,italiano
antologia personale - volume primo,303,1969,isaac asimov,mondadori,1920,1992,Russia - United States of America,m,italiano
antologia personale - volume secondo,288,1975,isaac asimov,mondadori,1920,1992,Russia - United States of America,m,italiano
il libro di fisica,575,1984,isaac asimov,mondadori,1920,1992,Russia - United States of America,m,italiano
in principio,273,1981,isaac asimov,mondadori,1920,1992,Russia - United States of America,m,italiano
stelle come polvere,284,1951,isaac asimov,rizzoli,1920,1992,Russia - United States of America,m,italiano
supernove,256,1985,isaac asimov,rizzoli,1920,1992,Russia - United States of America,m,italiano
il pianeta doppio,153,1960,isaac asimov,sonzogno,1920,1992,Russia - United States of America,m,italiano
Antologia del bicentenario n. 2,145,1951,isaac asimov,urania (mondadori),1920,1992,Russia - United States of America,m,italiano
il meglio di asimov vol.1,238,1975,isaac asimov,urania (mondadori),1920,1992,Russia - United States of America,m,italiano
il meglio di asimov vol.2 ,205,1975,isaac asimov,urania (mondadori),1920,1992,Russia - United States of America,m,italiano
"lucky starr, il vagabondo dello spazio",147,1952,isaac asimov,urania (mondadori),1920,1992,Russia - United States of America,m,italiano
il mago di lublino,207,1960,isaac bashevis singer,longanesi,1902,1991,Poland - United States of America,m,italiano
il sentiero dei nidi di ragno,207,1951,italo calvino ,mondadori,1923,1985,Italy,m,italiano
le affinità elettive,364,1809,j wolfgang goethe,rizzoli,1749,1832,Germany,m,italiano
il giovane holden,242,1951,j.d. salinger,einaudi,1919,2010,United States of America,m,italiano
sulla realtà dei quanti - un dialogo galileiano,137,1996,J.M. Jauch,adelphi,1914,1974,Switzerland - United States of America,m,italiano
le isole aran,187,1907,j.m. synge,sellerio editore,1871,1909,Ireland,m,italiano
il signore degli anelli,1264,1955,j.r.r.tolkien,bompiani,1892,1973,England,m,italiano
il silmarillion,682,1977,j.r.r.tolkien,bompiani,1892,1973,England,m,italiano
la caduta di gondolin,304,2018,j.r.r.tolkien,bompiani,1892,1973,England,m,italiano
lo hobbit annotato,422,1937,j.r.r.tolkien,bompiani,1892,1973,England,m,italiano
zanna bianca,265,1906,jack london,mondadori,1876,1916,United States of America,m,italiano
il medioevo,126,2006,jacques le goff,editori laterza,1924,2014,France,m,italiano
il caso e la necessità,198,1970,jacques monod,mondadori,1910,1976,France,m,italiano
un ponte tra le stelle,256,1955,james e. gunn - jack williamson,libra editrice,1923-1908,2020-2006,United States of America,m,italiano
ulisse,1038,1920,james joyce,mondadori,1882,1941,Ireland,m,italiano
gente di dublino,208,1914,james joyce,mondadori,1882,1941,Ireland,m,italiano
ritratto dell'artista da giovane,221,1916,james joyce,newton compton,1882,1941,Ireland,m,italiano
la fisica dei supereroi,395,2005,james kakalios,einaudi,1958,/,United States of America,m,italiano
l'osservatorio ,130,1974,james sutherland,urania (mondadori),1900,1996,Scotland,m,italiano
l'alto medioevo,463,1968,jan dhondt,feltrinelli,1915,1972,Belgium,m,italiano
"armi, acciaio e malattie",402,1997,jared diamond,einaudi,1937,/,United States of America,m,italiano
collasso,566,2005,jared diamond,einaudi,1937,/,United States of America,m,italiano
crisi,512,2019,jared diamond,einaudi,1937,/,United States of America,m,italiano
domani nella battaglia pensa a me,283,1994,javier marias,einaudi,1951,/,Spain,m,italiano
cavalieri e cavalleria nel medioevo,286,1999,Jean Flori,Il giornale,1936,2018,France,m,italiano
il contratto sociale,133,1762,jean jacques rousseau,mursia,1712,1778,Switzerland,m,italiano
la morte nell'anima,378,1949,jean paul sartre,mondadori,1905,1980,France,m,italiano
la nausea,264,1938,jean paul sartre,mondadori,1905,1980,France,m,italiano
la grande storia delle crociate - volume primo,408,1999,jean richard,il giornale,1921,2021,France,m,italiano
la grande storia delle crociate - volume secondo,803,1999,jean richard,il giornale,1921,2021,France,m,italiano
l'atomo stagnante,182,1963,jeff sutton,nord,1913,1979,United States of America,m,italiano
alpha tauri: missione n. 92,162,1970,jeff sutton,urania (mondadori),1913,1979,United States of America,m,italiano
mnemoblocco di stato,170,1972,jeff sutton,urania (mondadori),1913,1979,United States of America,m,italiano
secolo xxii,170,1970,jeff sutton,urania (mondadori),1913,1979,United States of America,m,italiano
super-h sull'america,150,1967,jeff sutton,urania (mondadori),1913,1979,United States of America,m,italiano
massa,287,2019,jim baggott,adelphi,1957,/,England,m,italiano
origini,438,2017,jim baggott,adelphi,1957,/,England,m,italiano
i vichinghi ,294,1960,johannes brondsted,einaudi,1890,1965,Denmark,m,italiano
abominazione atlantica ,130,1960,john brunner,urania (mondadori),1934,1995,England,m,italiano
grazie di tutto,136,1965,john brunner,urania (mondadori),1934,1995,England,m,italiano
una ruga sulla terra,174,1965,john christopher,urania (mondadori),1922,2012,England,m,italiano
perché il mondo è matematico/,120,1992,john d. barrow,editori laterza,1952,2020,England,m,italiano
the book of nothing,384,2002,john d. barrow ,Vintage Books,1952,2020,England,m,english
storia della scienza,1100,1965,john d. bernal,editori riuniti,1901,1971,Ireland,m,italiano
l'ultima esplosione,128,1960,john e. muller,urania (mondadori),1935,/,England,m,italiano
"astronave ""redshft""",184,1990,john e. stith,urania (mondadori),1947,/,United States of America,m,italiano
poesie,512,1817,john keats,mondadori,1795,1821,England,m,italiano
the cambridge quintet,181,1998,john l. casti,abacus,1943,/,United States of America,m,italiano
paradiso perduto,889,1667,john milton,mondadori,1608,1674,England,m,italiano
dicibile e indicibile in meccanica quantistica,390,1987,john s. bell,adelphi,1928,1990,England,m,italiano
la valle lunga,363,1953,john steinbeck,mondadori,1902,1968,United States of America,m,italiano
quel fantastico giovedì,268,1954,john steinbeck,mondadori,1902,1968,United States of America,m,italiano
i pascoli del cielo,222,1932,john steinbeck,mondadori,1902,1968,United States of America,m,italiano
la luna è tramontata,152,1942,john steinbeck,mondadori,1902,1968,United States of America,m,italiano
la corriera stravagante,335,1947,john steinbeck,bompiani,1902,1968,United States of America,m,italiano
primo agente galattico,139,1973,john t. phillifent,urania (mondadori),1916,1976,England,m,italiano
avventura nell'iperspazio,176,1954,john w. campbell jr.,urania (mondadori),1910,1971,United States of America,m,italiano
"nulla, solo la notte",138,1948,john williams,fazi editore,1922,1994,United States of America,m,italiano
stoner,271,1965,john williams,l'espresso,1922,1994,United States of America,m,italiano
crepitio di stelle,256,2020,jon kalman stefansson,iperborea,1963,/,Iceland,m,italiano
grande come l'universo,429,2015,jon kalman stefansson,iperborea,1963,/,Iceland,m,italiano
il cuore dell'uomo,320,2011,jon kalman stefansson,iperborea,1963,/,Iceland,m,italiano
la tua assenza è tenebra,608,2020,jon kalman stefansson,iperborea,1963,/,Iceland,m,italiano
paradiso e inferno,240,2007,jon kalman stefansson,iperborea,1963,/,Iceland,m,italiano
storia di asta,325,2017,jon kalman stefansson,iperborea,1963,/,Iceland,m,italiano
crossroads,613,2021,jonathan franzen,einaudi,1959,/,United States of America,m,italiano
chronic city,457,2009,jonathan lethem,il saggiatore,1964,/,United States of America,m,italiano
fuga senza fine ,152,1964,joseph roth,adelphi,1894,1939,Austria,m,italiano
giobbe,190,1930,joseph roth,corriere della sera,1894,1939,Austria,m,italiano
giobbe - romanzo di un uomo semplice,195,1930,joseph roth ,adelphi,1894,1939,Austria,m,italiano
la cripta dei cappuccini,195,1950,joseph roth ,adelphi,1894,1939,Austria,m,italiano
la leggenda del santo bevitore,77,1939,joseph roth ,adelphi,1894,1939,Austria,m,italiano
il profeta ,128,1923,kahlil gibran,crescere edizioni,1883,1913,Lebanon - United States of America,m,italiano
sabbia e onda,113,1979,kahlil gibran,guanda,1883,1931,Lebanon,m,italiano
cina: una storia millenaria,629,2012,kai vogelsang,einaudi,1969,/,Germany,m,italiano
sette storie gotiche,410,1934,karen blixen,bompiani,1885,1962,Denmark,m,italiano
racconti d'inverno,265,1942,karen blixen,club edizioni,1885,1962,Denmark,m,italiano
scienza e filosofia,218,1960,karl r. popper,einaudi,1902,1994,Austria - England,m,italiano
quel che resta del giorno,294,1989,kazuo ishiguro,einaudi,1954,/,Japan,m,italiano
i pilastri della terra,1031,1989,ken follett,mondadori,1949,/,England,m,italiano
mondo senza fine ,1367,2007,ken follett,mondadori,1949,/,England,m,italiano
le gabbie dell'infinito,128,1965,kenneth bulmer,urania (mondadori),1921,2005,England,m,italiano
l'abitatore,138,1974,kenneth f. gantz,urania (mondadori),1905,1996,United States of America,m,italiano
il mondo dei quanti ,278,2004,kenneth w. ford,bollati boringhieri,1926,/,United States of America,m,italiano
la fisica delle particelle,271,1963,kenneth w. ford,mondadori,1926,/,United States of America,m,italiano
dynostar,166,1975,kit pedler - gerry davis,urania (mondadori),1927 - 1930,1981 - 1991,England,m,italiano
l'effetto dinosauro,176,1974,kit pedler - gerry davis,urania (mondadori),1927 - 1930,1981 - 1991,England,m,italiano
la regina di saba,51,1897,knut hamsun,iperborea,1859,1952,Norway,m,italiano
natura e destino,392,1978,konrad lorenz,mondadori,1903,1989,Austria,m,italiano
un uomo senza patria,126,2005,kurt vonnegut,bompiani,1922,2007,United States of America,m,italiano
il mistero della massa mancante nello universo,496,2000,lawrence krauss,raffaello cortina editore,1954,/,United States of America,m,italiano
la stella amara,270,1974,leigh brackett,libra editrice,1915,1978,United States of America,f,italiano
storia della rivoluzione russa - 1 di 2,521,1950,lev trotsky,mondadori,1879,1940,Russia,m,italiano
storia della rivoluzione russa - 2 di 2,753,1950,lev trotsky,mondadori,1879,1940,Russia,m,italiano
norwegian blues,379,2014,levi henriksen,iperborea,1964,/,Norway,m,italiano
l'universo e einstein,135,1966,lincoln barrett,bompiani,1909,1979,United States of America ,m ,italiano
furia dall'ignoto,224,1965,lloyd biggle jr. ,nord,1923,2002,United States of America,m,italiano
cybernia,160,1972,lou cameron,urania (mondadori),1924,2010,United States of America,m,italiano
killer sull'asteroide,168,1967,louis charbonneau,urania (mondadori),1924,2017,United States of America,m,italiano
caccia al tesoro nello universo,237,2009,lucy hawking - stephen w. hawking,mondadori,1962 - 1942,/ - 2018,England,f / m,italiano
la chiave segreta dello universo,223,2007,lucy hawking - stephen w. hawking,mondadori,1962 - 1942,/ - 2018,England,f / m,italiano
viaggio di un professore tedesco all'Eldorado,63,1905,ludwig boltzmann ,ibis ,1844,1906,Austria,m,italiano
pensieri diversi,163,1977,ludwig wittgenstein,adelphi,1889,1951,Austria - England,m,italiano
iseneg,191,1990,luigi menghini,nord,1946,/,Italy,m,italiano
fantalmanacco,196,1964,mack reynolds - keith laumer,urania (mondadori),1917 - 1925,1983 - 1993,United States of America,m,italiano
il milione,514,1298,marco polo,rizzoli,1254,1324,Italy,m,italiano
storia della letteratura americana,601,1954,marcus cunliffe,mondadori,1922,1990,England,m,italiano
l'enigma dei numeri primi,606,2003,marcus du sautoy,rizzoli,1965,/,England,m,italiano
i danzatori di noyo,164,1973,margaret st. clair,urania (mondadori),1911,1995,United States of America,f,italiano
vi racconto l'astronomia,171,2002,margherita hack,editori laterza,1922,2013,Italy,f,italiano
il navigatore del diluvio,156,1979,mario brelich,adelphi,1910,1982,Italy,m,italiano
a proposito dell'esistenza di dio,164,2022,mario motta,sellerio editore,1923,2013,Italy,m,italiano
enigma 1973,151,1963,mark phillips - randall philip garrett ,mondadori,1933 - 1927,2002 - 1987,United States of America,m,italiano
gli infiniti ritorni,127,1961,marren bagels,urania (mondadori),1946,/,Italy,m,italiano
frankenstein,273,1818,mary shelley,raffaello cortina editore,1797,1851,England,f,english
sociologia della religione - l'antico giudaismo,412,1920,max weber ,newton compton,1864,1920,Germany,m,italiano
sociologia della religione - induismo e buddhismo,327,1916,max weber ,newton compton,1864,1920,Germany,m,italiano
andromeda,344,1969,micheal crichton,garzanti,1942,2008,United States of America,m,italiano
la ragione dei granchi,143,1973,micheal elder,urania (mondadori),1931,2004,Scotland,m,italiano
e allora siamo andati via,134,2001,micheal kimball,adelphi,1967,/,United States of America,m,italiano
l'ateismo moderno,295,1963,michel verret,editori riuniti,1927,2017,France,m,italiano
il maestro e margherita,552,1940,mikhail bulgakov,feltrinelli,1891,1940,Russia,m,italiano
il mio biliardo,184,2001,mordecai richler,adelphi,1931,2001,Canada,m,italiano
la versione di barney,490,1997,mordecai richler,adelphi,1931,2001,Canada,m,italiano
il potere dei druidi ,458,1990,morgan llywelyn,tea,1937,/,Ireland - United States of America,f,italiano
i greks portano doni,128,1964,murray leinster,urania (mondadori),1896,1975,United States of America ,m,italiano
american gods,760,2001,neil gaiman,mondadori,1960,/,England,m,italiano
shotgun lovesongs,318,2014,nickolas butler,marsilio,1979,/,United States of America,m,italiano
progetto quatermass,188,1960,nigel kneale,urania (mondadori),1922,2006,England,m,italiano
il comportamento sociale degli animali,215,1953,niko tinbergen,einaudi,1907,1988,Netherlands,m,italiano
la civiltà dei solari,170,1966,norman spinrad,nord,1940,/,United States of America ,m,italiano
l'uomo che scambiò sua moglie per un cappello,318,1985,oliver sacks,adelphi,1923,2015,England,m,italiano
su una gamba sola,241,1984,oliver sacks,adelphi,1923,2015,England,m,italiano
odissea,716,1963,omero,einaudi,/,/,Greece,m,italiano
il castello bianco,174,1979,orhan pamuk,einaudi,1952,/,Turkey,m,italiano
il mio nome è rosso,445,1998,orhan pamuk,einaudi,1952,/,Turkey,m,italiano
la nascita della scienza moderna in europa,440,1997,paolo rossi,editori laterza,1956,2020,Italy,m,italiano
storia e filosofia,338,1969,paolo rossi,einaudi,1923,2012,Italy,m,italiano
moon palace,328,1989,paul auster,einaudi,1947,/,United States of America,m,italiano
trilogia di new york,314,1987,paul auster,einaudi,1947,/,United States of America,m,italiano
leviatano,285,1992,paul auster,einaudi,1947,/,United States of America,m,italiano
superforza - verso una teoria unificata dello universo,313,1984,paul davies,mondadori,1946,/,United States of America,m,italiano
la mano sinistra di dio,441,2010,paul hoffman,tea,1953,/,England,m,italiano
le quattro cose ultime,398,2011,paul hoffman,tea,1953,/,England,m,italiano
la sindrome di atlantide,303,2001,paul jordan,fabbri editore,,,England,m,italiano
the golden age of dc comics 1935-1956,672,2012,paul levitz,taschen,1956,/,United States of America,m,english
andorra,236,2014,peter cameron,adelphi,1959,/,United States of America,m,italiano
coral glynn,212,2012,peter cameron,adelphi,1959,/,United States of America,m,italiano
cose che succedono la notte,241,2020,peter cameron,adelphi,1959,/,United States of America,m,italiano
gli inconvenienti della vita,122,2018,peter cameron,adelphi,1959,/,United States of America,m,italiano
il weekend,177,2013,peter cameron,adelphi,1959,/,United States of America,m,italiano
paura della matematica,104,2008,peter cameron,adelphi,1959,/,United States of America,m,italiano
quella sera dorata,318,2006,peter cameron,adelphi,1959,/,United States of America,m,italiano
un  questo dolore ti sarà utile,206,2010,peter cameron,adelphi,1959,/,United States of America,m,italiano
l'enigma della gravitazione,214,1968,peter g. bergmann,mondadori,1915,2002,Germany,m,italiano
in una notte buia uscii dalla mia casa silenziosa,192,1997,peter handke,garzanti,1942,/,Austria,m,italiano
arte paleolitica,255,1967,peter J. Ucko - Andrée rosenfeld,il saggiatore,1938 / 1934,2008 / 2008,England - Belgium,m,italiano
il messia con la gamba di legno,136,1990,peter nilson ,iperborea,1937,1998,Sweden,m,italiano
everyman,124,2006,philip roth,einaudi,1933,2018,United States of America,m,italiano
lo scrittore fantasma,146,1979,philip roth,einaudi,1933,2018,United States of America,m,italiano
pastorale americana,458,1997,philip roth,einaudi,1933,2018,United States of America,m,italiano
einstein e la relatività,96,2011,piergiorgio odifreddi,la biblioteca di repubblica,1950,/,Italy,m,italiano
new york metro per metro,176,2023,piero armenti,mondadori,1979,/,Italy,m,italiano
dalla microsifica alla macrofisica,229,1974,piero caldirola,mondadori,1914,1984,Italy,m,italiano
la luce della notte,460,2009,pietro citati,adelphi,1930,/,Italy,m,italiano
cultura e antropologia,153,1983,pietro rossi,einaudi,1930,2023,Italy,m,italiano
dialoghi,567,1988,platone,einaudi,/,/,Greece,m,italiano
petali sulle ceneri,91,1917,rabindranath tagore,guanda,1861,1941,India,m,italiano
il giardiniere,141,1913,rabindranath tagore,guanda,1861,1941,India,m,italiano
il popolo dell'autunno,239,1962,ray bradbury,fabbri editore,1920,2012,United States of America,m,italiano
il grande sonno,234,1939,raymond chandler,la biblioteca di repubblica,1888,1959,United States of America,m,italiano
il signore dello universo,286,1951,raymond f. jones,libra editrice,1915,1994,United States of America,m,italiano
la fine del silenzio,291,1944,raymond f. jones,mondadori,1915,1994,United States of America,m,italiano
l'incubo dei syn,144,1969,raymond f. jones,urania (mondadori),1915,1994,United States of America,m,italiano
manuale di preistoria,461,1958,raymond furon,einaudi,1898,1986,France,m,italiano
l'agonia degli immortali,304,1965,Rena vale,libra editrice,1898,1983,United States of America,f,italiano
gli annni futuri secondi le profezie di nostradamus,148,1976,renucio boscolo,meb,1945,/,Italy,m,italiano
i mondi di eklos,143,1959,rex gordon,urania (mondadori),1917,1998,England,m,italiano
qed,195,1985,richard feynman,adelphi,1918,1988,United States of America,m,italiano
sei pezzi facili,212,1995,richard feynman,adelphi,1918,1988,United States of America,m,italiano
sei pezzi meno facili,223,1997,richard feynman,adelphi,1918,1988,United States of America,m,italiano
il senso delle cose,125,1998,richard feynman,adelphi,1918,1988,United States of America,m,italiano
regola per sopravvivere,205,1952,richard mateson,urania (mondadori),1926,2013,United States of America,m,italiano
i figli di matusalemme,167,1958,robert a. heinlein,mondadori,1907,1988,United States of America ,m,italiano
la porta sull'estate,167,1957,robert a. heinlein,mondadori,1907,1988,United States of America ,m,italiano
universo,171,1965,robert a. heinlein,mondadori,1907,1988,United States of America ,m,italiano
il libro del graal,343,2005,robert de boron,adelphi,/,1212,France,m,italiano
la vita quotidiana nel medioevo,264,1972,robert delort,editori laterza,1932,/,France ,m,italiano
alice nel paese dei quanti,247,1994,robert gilmore,raffaello cortina editore,1941,/,United States of America,m,italiano
il quanto di natale,317,1996,robert gilmore,rizzoli,1941,/,United States of America,m,italiano
fisica per poeti,390,1978,robert h. march,edizioni dedalo,1937,2015,United States of America,m,italiano
universo,170,1965,robert heinlein,urania (mondadori),1907,1988,United States of America,m,italiano
la grande macchina,244,1966,robert jungk,einaudi,1913,1994,Germany,m,italiano
gesturing towards reality: david foster wallace and philosophy,280,2014,robert k. bolger / scott korb,bloomsbury,,,United States of America - United States of America,m,
lo zen e l'arte della manutenzione della motocicletta,402,1974,robert m. pirsig,superpocket,1928,2017,United States of America,m,italiano
il libro di tutti i libri,555,2019,roberto calasso,adelphi,1941,2021,Italy,m,italiano
le nozze di cadmo e armonia,479,1988,roberto calasso,adelphi,1941,2021,Italy,m,italiano
follia planetaria,138,1967,roger dee,urania (mondadori),1914,2004,United States of America,m,italiano
arca seconda,156,1970,roger dixon,urania (mondadori),1930,1983,England,m,italiano
prove di maturità,133,1974,roger elwood,urania (mondadori),1943,2007,United States of America,m,italiano
la strada che porta alla realtà,1141,2004,roger pensore,BUR ,1931,,England,m,italiano
jack delle ombre ,169,1971,roger zelazny,longanesi,1937,1995,United States of America,m,italiano
Il più grande uomo scimmia del Pleistocene,184,1960,roy lewis,adelphi,1913,1996,England,m,italiano
buchi neri e universi neonati,213,1993,stephen w. hawking,BUR ,1942,2018,England,m,italiano
dal big bang ai buchi neri,224,1988,stephen w. hawking,BUR ,1942,2018,England,m,italiano
la grande storia del tempo,208,2005,stephen w. hawking,BUR ,1942,2018,England,m,italiano
la teoria del tutto,192,1996,stephen w. hawking,BUR ,1942,2018,England,m,italiano
breve storia della mia vita,134,2013,stephen w. hawking,mondadori,1942,2018,England,m,italiano
la natura dello spazio e del tempo,176,1996,stephen w. hawking / roger penrose,BUR ,1942 - 1931 ,2018 - /,England,m,italiano
civiltà del mistero,176,1979,sabatino moscati,newton compton,1922,1997,Italy,m,italiano
versi satanici,576,1988,salman rushdie,mondadori,1947,/,India - England - United States of America,m,italiano
l'incantatrice di firenze,375,2008,salman rushdie,mondadori,1947,/,India - England - United States of America,m,italiano
universo - conoscerlo per vederlo,192,2011,salvatore albano,il castello,1966,/,Italy,m,italiano
il cucchiaino scomparso,407,2010,sam kean,adelphi,/,/,United States of America,m,italiano
aspettando godot,111,1952,samuel beckett,einaudi,1906,1989,Ireland,m,italiano
the legacy of david foster wallace,270,2012,samuel cohen - lee konstantinou,iowa,/,/,United States of America,m,italiano
Riflessioni sugli ultimi fatti relativi alle Isole Falkland (1771),109,1982,samuel johnson,adelphi,1709,1784,England,m,italiano
la citta morta ,185,1963,samuel r. delany,longanesi,1942,/,United States of America,m,italiano
la leggenda del figlio del re horkham,185,1984,saul israel,adelphi,1897,1981,Italy,m,italiano
storia del nulla,222,2003,sergio givone,editori laterza,1944,/,Italy,m,italiano
buchi neri l'oscura energia del cosmo,64,2003,shantena augusto sabbadini,gribaudo,1943,/,Italy,m,italiano
"maxwell. elettricità, magnetismo e luce, una sola famiglia",95,2012,sheldon lee glashow,la biblioteca di repubblica,1932,/,United States of America,m,italiano
un pianeta e tre stelle ,282,1955,stanton a. coblenz,libra editrice,1896,1982,United States of America,m,italiano
il rosso e il nero,380,1830,stendhal,newton compton,1783,1842,France,m,italiano
david foster wallace's infinite jest: a reader's guide,121,2010,stephen j. burn,bloomsbury,,/,United States of America,m,english
il gioco di gerald,368,1992,stephen king,pickwick,1947,/,United States of America,m,italiano
sul ring delle ombre,443,2000,steven heighton,edizioni e/o,1961,2022,Canada,m,italiano
i primi tre minuti,217,1977,steven weinberg,mondadori,1933,2021,United States of America,m,italiano
i giochi della notte,168,1947,stig dagerman,iperborea,1923,1954,Sweden,m,italiano
nata dal vulcano,592,1975,tanith lee,libra editrice,1947,2015,England,f,italiano
le più antiche storie del mondo,241,1952,theodor h. gaster,einaudi,1906,1992,England - United States of America,m,italiano
il soccombente,167,1999,thomas bernhard,adelphi,1931,1989,Austria - England,m,italiano
doctor faustus,594,1947,thomas mann,mondadori,1875,1955,Germany,m,italiano
l'arcobaleno della gravità,1039,1973,thomas pinchon,rizzoli,1937,/,United States of America,m,italiano
la rivoluzione copernicana,363,1957,thomas s. kuhn,einaudi,1922,1996,United States of America,m,italiano
infinito,310,1994,tullio regge,mondadori,1931,2014,Italy,m,italiano
la conquista dell'america,320,1992,Tzvetan Todorov,einaudi,1939,201/,Bulgary - France,m,italiano
il pendolo di foucault,509,1988,umberto eco,bompiani,1932,2016,Italy,m,italiano
l'isola del  prima,473,1994,umberto eco,bompiani,1932,2016,Italy,m,italiano
baudolino,526,2000,umberto eco,bompiani,1932,2016,Italy,m,italiano
apocalittici e integrati,389,1977,umberto eco,bompiani,1932,2016,Italy,m,italiano
tra menzogna e ironia,107,1998,umberto eco,bompiani,1932,2016,Italy,m,italiano
il progresso nel mondo antico,312,1963,v. gordon childe,einaudi,1892,1957,Australia,m,italiano
metello,327,1955,vasco pratolini,BUR ,1913,1991,Italy,m,italiano
kamasutra,335,2002,vatsyayana mallanaga,adelphi,/,/,India,m,italiano
notre dame de paris,595,1831,victor hugo,la biblioteca di repubblica,1802,1885,France,m,italiano
l'ultimo  di un condannato a morte,98,1829,victor hugo,mondadori,1802,1885,France,m,italiano
parlo svedese,216,1973,VV.AA.,antonio vallardi editore,/,/,/,/,italiano
cosmologie a confronto,216,1973,VV.AA.,bollati boringhieri, /,/,/,m,italiano
lettere di condannati a morte della resistenza italiana,379,1952,VV.AA.,einaudi,/,/,/,/,italiano
teorie cosmologiche rivali,78,1960,VV.AA.,einaudi,/,/,/,/,italiano
liriche cinesi,250,V.Y.,VV.AA.,einaudi,/,/,/,m,italiano
fiabe finlandesi,224,2021,VV.AA.,iperborea,/,/,/,/,italiano
fiabe svedesi,224,2017,VV.AA.,iperborea,/,/,/,/,italiano
antologia internazionale di fantascienza,294,1987,VV.AA.,nord,/,/,/,/,italiano
antologia scolastica n. 3,137,1971,VV.AA.,urania (mondadori),/,/,/,/,italiano
buone notizie dal vaticano,164,1971,VV.AA.,urania (mondadori),/,/,/,m,italiano
le strade dell'invasione,164,1951,VV.AA.,urania (mondadori),/,/,/,/,italiano
pistolero fuori tempo,138,1974,VV.AA.,urania (mondadori),/,/,/,/,italiano
foglie d'erba,503,1855,walt whitman,BUR,1819,1892,United States of America,m,italiano
fisica e oltre - incontri con i protagonisti 1920 - 1965,272,1971,werner heisenberg,bollati boringhieri,1901,1976,Germany,m,italiano
universo in espansione,217,1964,william bonnor,bollati boringhieri,1920,2015,England,m,italiano
il mondo di logan,155,1977,william f. nolan,urania (mondadori),1928,2021,United States of America,m,italiano
sam space. spazio-investigatore,168,1971,william f. nolan,urania (mondadori),1928,2021,United States of America,m,italiano
luce d'agosto,423,1932,william faulkner,adelphi,1897,1962,United States of America,m,italiano
mentre morivo,231,1930,william faulkner,adelphi,1897,1962,United States of America,m,italiano
l'urlo e il furore,318,1929,william faulkner,einaudi,1897,1962,United States of America,m,italiano
il borgo,424,1940,william faulkner,mondadori,1897,1962,United States of America,m,italiano
"scendi, mosè",387,1942,william faulkner,mondadori,1897,1962,United States of America,m,italiano
la citta ,480,1957,william faulkner,mondadori,1897,1962,United States of America,m,italiano
guerreros,378,2007,william gibson,mondadori,1948,/,United States of America,m,italiano
pasto nudo,273,2006,william s. burroughs,adelphi,1914,1997,United States of America,m,italiano
a midsummer night's dream,224,1605,william shakespeare,collins classics,/,1616,England,m,english
amleto,151,1601,william shakespeare,l'unità,/,1616,England,m,italiano
macbeth,126,1606,william shakespeare,l'unità,/,1616,England,m,italiano
otello,139,1603,william shakespeare,l'unità,/,1616,England,m,italiano
re lear,134,1606,william shakespeare,l'unità,/,1616,England,m,italiano
romeo e giulietta,123,1597,william shakespeare,l'unità,/,1616,England,m,italiano
amleto,347,1601,william shakespeare,mondadori,/,1616,England,m,italiano
il mercante di venezia,213,1598,william shakespeare,mondadori,/,1616,England,m,italiano
macbeth,204,1606,william shakespeare,mondadori,/,1616,England,m,italiano
sogno di una notte di mezza estate,153,1590,william shakespeare,newton compton,1564,1616,England,m,italiano
macbeth,190,1606,william shakespeare,Thomson Learning,/,1616,England,m,english
segnali da giove,156,1980,zach hughes,urania (mondadori),1928,2016,United States of America,m,italiano
straniero in terra straniera,544,1961,robert a. heinlein,science fiction book club,1907,1988,United States of America,m,italiano