title,# pages,year of publication,author,publisher,year of birth,year of death,nationality,sex,language,
la valle oscura,309,2020,anna wiener,adelphi,1987,/,USA,f,italiano,
gioco all'alba,152,1961,arthur schnitzler,adelphi,1862,1931,AUSTRIA,m,italiano,
il ritorno di casanova,149,1900,arthur schnitzler,adelphi,1862,1931,AUSTRIA,m,italiano,
helgoland,227,2020,carlo rovelli,adelphi,1956,/,ITALY,m,italiano,
"godel, escher, bach",852,1979,douglas r. hofstadter,adelphi,1977,/,USA,m,italiano,
quando la terra aveva due lune,445,2021,erik asphaug,adelphi,1961,/,NORWAY,m,italiano,
lo zen e il tiro con l'arco,100,1948,eugen herrigel,adelphi,1884,1955,GERMANY,m,italiano,
il tao della fisica,381,1975,fritjof capra,adelphi,1939,/,AUSTRIA,m,italiano,
inquietanti azioni a distanza,348,2015,geroge musser,adelphi,195,/,USA,m,italiano,
siddharta,180,1922,hermann hesse,adelphi,1877,1962,GERMANY,m,italiano,
sender prager,74,2015,i.j. singer,adelphi,1893,1944,POLAND,m,italiano,
sulla realtà dei quanti - un dialogo galileiano,137,1996,J.M. Jauch,adelphi,1914,1974,SWITZERLAND-USA,m,italiano,
massa,287,2019,jim baggott,adelphi,1957,/,ENGLAND,m,italiano,
origini,438,2017,jim baggott,adelphi,1957,/,ENGLAND,m,italiano,
dicibile e indicibile in meccanica quantistica,390,1987,john s. bell,adelphi,1928,1990,ENGLAND,m,italiano,
giobbe - romanzo di un uomo semplice,195,1930,joseph roth ,adelphi,1894,1939,AUSTRIA,m,italiano,
la cripta dei cappuccini,195,1950,joseph roth ,adelphi,1894,1939,AUSTRIA,m,italiano,
la leggenda del santo bevitore,77,1939,joseph roth ,adelphi,1894,1939,AUSTRIA,m,italiano,
pensieri diversi,163,1977,ludwig wittgenstein,adelphi,1889,1951,AUSTRIA-ENGLAND,m,italiano,
e allora siamo andati via,134,2001,micheal kimball,adelphi,1967,/,USA,m,italiano,
il mio biliardo,184,2001,mordecai richler,adelphi,1931,2001,CANADA,m,italiano,
la versione di barney,490,1997,mordecai richler,adelphi,1931,2001,CANADA,m,italiano,
l'uomo che scambiò sua moglie per un cappello,318,1985,oliver sacks,adelphi,1923,2015,ENGLAND,m,italiano,
su una gamba sola,241,1984,oliver sacks,adelphi,1923,2015,ENGLAND,m,italiano,
andorra,236,2014,peter cameron,adelphi,1959,/,USA,m,italiano,
coral glynn,212,2012,peter cameron,adelphi,1959,/,USA,m,italiano,
cose che succedono la notte,241,2020,peter cameron,adelphi,1959,/,USA,m,italiano,
gli inconvenienti della vita,122,2018,peter cameron,adelphi,1959,/,USA,m,italiano,
il weekend,177,2013,peter cameron,adelphi,1959,/,USA,m,italiano,
paura della matematica,104,2008,peter cameron,adelphi,1959,/,USA,m,italiano,
quella sera dorata,318,2006,peter cameron,adelphi,1959,/,USA,m,italiano,
un  questo dolore ti sarà utile,206,2010,peter cameron,adelphi,1959,/,USA,m,italiano,
la luce della notte,460,2009,pietro citati,adelphi,1930,/,ITALY,m,italiano,
qed,195,1985,richard feynman,adelphi,1918,1988,USA,m,italiano,
sei pezzi facili,212,1995,richard feynman,adelphi,1918,1988,USA,m,italiano,
sei pezzi meno facili,223,1997,richard feynman,adelphi,1918,1988,USA,m,italiano,
 il senso delle cose,125,1998,richard feynman,adelphi,1918,1988,USA,m,italiano,
il libro del graal,343,2005,robert de boron,adelphi,/,1212,FRANCE,m,italiano,
il libro di tutti i libri,555,2019,roberto calasso,adelphi,1941,2021,ITALY,m,italiano,
le nozze di cadmo e armonia,479,1988,roberto calasso,adelphi,1941,2021,ITALY,m,italiano,
Il più grande uomo scimmia del Pleistocene,184,1960,roy lewis,adelphi,1913,1996,ENGLAND,m,italiano,
il cucchiaino scomparso,407,2010,sam kean,adelphi,/,/,USA,m,italiano,
Riflessioni sugli ultimi fatti relativi alle Isole Falkland (1771),109,1982,samuel johnson,adelphi,1709,1784,ENGLAND,m,italiano,
il soccombente,167,1999,thomas bernhard,adelphi,1931,1989,AUSTRIA-ENGLAND,m,italiano,
luce d'agosto,423,1932,william faulkner,adelphi,1897,1962,USA,m,italiano,
mentre morivo,231,1930,william faulkner,adelphi,1897,1962,USA,m,italiano,
pasto nudo,273,2006,william s. burroughs,adelphi,1914,1997,USA,m,italiano,
infinite jest,1079,1996,david foster wallace,back bay books,1962,2008,USA,m,italiano,
supergods ,451,2011,grant morrison,bao,1960,/,SCOTLAND,m,italiano,
the gospel according to david foster wallace,136,2016,adam s. miller,bloomsbury,,,USA,m,,
gesturing towards reality: david foster wallace and philosophy,280,2014,robert k. bolger / scott korb,bloomsbury,,,,m,,
david foster wallace's infinite jest: a reader's guide,121,2010,stephen j. burn,bloomsbury,,/,USA,m,english,
relatività,326,1916,albert einstein,bollati boringhieri,1879,1955,GERMANY,m,italiano,
"spazio, tempo e gravitazione",272,1920,arthur eddington,bollati boringhieri,1882,1944,ENGLAND,m,italiano,
l'origine delle specie,580,1859,charles darwin,bollati boringhieri,1809,1882,ENGLAND,m,italiano,
il pensiero matematico,344,1953,edward stabler,bollati boringhieri,/,/,USA,m,italiano,
i fratelli Ashkenaze,759,1937,i.j. singer,bollati boringhieri,1893,1944,POLAND,m,italiano,
il mondo dei quanti ,278,2004,kenneth w. ford,bollati boringhieri,1926,/,USA,m,italiano,
cosmologie a confronto,216,1973,VV.AA.,bollati boringhieri, /,/,/,m,italiano,
fisica e oltre - incontri con i protagonisti 1920 - 1965,272,1971,werner heisenberg,bollati boringhieri,1901,1976,GERMANY,m,italiano,
universo in espansione,217,1964,william bonnor,bollati boringhieri,1920,2015,ENGLAND,m,italiano,
casi e caos,185,1992,david ruelle,bollati boringhieri,1935,/,BELGIUM,m,italiano,
il signore degli anelli,1264,1955,j.r.r.tolkien,bompiani,1892,1973,ENGLAND,m,italiano,
il silmarillion,682,1977,j.r.r.tolkien,bompiani,1892,1973,ENGLAND,m,italiano,
la caduta di gondolin,304,2018,j.r.r.tolkien,bompiani,1892,1973,ENGLAND,m,italiano,
lo hobbit annotato,422,1937,j.r.r.tolkien,bompiani,1892,1973,ENGLAND,m,italiano,
un uomo senza patria,126,2005,kurt vonnegut,bompiani,1922,2007,USA,m,italiano,
l'universo e einstein,135,1966,lincoln barrett,bompiani,1909,1979,USA ,m ,italiano,
il pendolo di foucault,509,1988,umberto eco,bompiani,1932,2016,ITALY,m,italiano,
l'isola del  prima,473,1994,umberto eco,bompiani,1932,2016,ITALY,m,italiano,
2010 - odissea due,362,1982,arthur c. clarke,BUR,1917,2008,ENGLAND,m,italiano,
foglie d'erba,503,1855,walt whitman,BUR,1819,1892,USA,m,italiano,
la strada che porta alla realtà,1141,2004,roger pensore,BUR ,1931,,ENGLAND,m,italiano,
buchi neri e universi neonati,213,1993,s.w. hawking,BUR ,1942,2018,ENGLAND,m,italiano,
dal big bang ai buchi neri,224,1988,s.w. hawking,BUR ,1942,2018,ENGLAND,m,italiano,
la grande storia del tempo,208,2005,s.w. hawking,BUR ,1942,2018,ENGLAND,m,italiano,
la teoria del tutto,192,1996,s.w. hawking,BUR ,1942,2018,ENGLAND,m,italiano,
la natura dello spazio e del tempo,176,1996,s.w. hawking / roger penrose,BUR ,1942 - 1931 ,2018 - /,ENGLAND,m,italiano,
metello,327,1955,vasco pratolini,BUR ,1913,1991,ITALY,m,italiano,
pane e bugie,328,2013,dario bressanini,chiarelettere,1963,/,ITALY,m,italiano,
il giocatore,267,1866,fedor m. dostoevskij,club degli editori,1821,1881,RUSSIA,m,italiano,
civiltà extraterrestri,283,1979,isaac asimov,club degli editori,1920,1992,RUSSIA-USA,m,italiano,
il collasso dell'universo,243,1977,isaac asimov,club degli editori,1920,1992,RUSSIA-USA,m,italiano,
the return of sherlock holmes,370,1905,arthur conan doyle,collins classics,1859,1930,ENGLAND,m,english,
a midsummer night's dream,224,1605,william shakespeare,collins classics,/,1616,ENGLAND,m,english,
il processo ,240,1925,franz kafka,crescere edizioni,1883,1924,BOHEMIA,m,italiano,
il profeta ,128,1923,kahlil gibran,crescere edizioni,1883,1913,LEBANON-USA,m,italiano,
i pianeti e le stelle,278,1975,giuseppe de florentis,de vecchi editore,1893,1978,ITALY,m,italiano,
astronomia - guida illustrata,328,1980,david baker,editori laterza,1944,/,ENGLAND,m,italiano,
perché il mondo è matematico/,120,1992,john d. barrow,editori laterza,1952,2020,ENGLAND,m,italiano,
vi racconto l'astronomia,171,2002,margherita hack,editori laterza,1922,2013,ITALY,f,italiano,
la nascita della scienza moderna in europa,440,1997,paolo rossi,editori laterza,1956,2020,ITALY,m,italiano,
la vita quotidiana nel medioevo,264,1972,robert delort,editori laterza,1932,/,FRANCE ,m,italiano,
storia del nulla,222,2003,sergio givone,editori laterza,1944,/,ITALY,m,italiano,
lineamenti di storia delle religioni,352,1984,ambrogio donini,editori riuniti,1903,1991,ITALY,m,italiano,
storia della scienza,1100,1965,john d. bernal,editori riuniti,1901,1971,IRELAND,m,italiano,
l'ateismo moderno,295,1963,michel verret,editori riuniti,1927,2017,FRANCE,m,italiano,
il big bang non c'è mai stato,494,1991,eric j lerner,edizioni dedalo,1947,/,USA,m,italiano,
fisica per poeti,390,1978,robert h. march,edizioni dedalo,1937,2015,USA,m,italiano,
sul ring delle ombre,443,2000,steven heighton,edizioni e/o,1961,2022,CANADA,m,italiano,
la voglia dei cazzi ,139,2013,alessandro barbero,edizioni mercuriao,1959,/,ITALY,m,italiano,
lettere di condannati a morte della resistenza italiana,379,1952,VV.AA.,einaudi,/,/,/,/,italiano,
trilogia della città di k ,379,1986,agota kristof,einaudi,1935,2011,HUNGARY,f,italiano,
una giornata di ivan denisovic,174,1963,aleksandr solzenicyn,einaudi,1918,2008,RUSSIA ,m,italiano,
il velo di einstein,218,2003,anton zeilinger,einaudi,1945,/,AUSTRIA,m,italiano,
vita di galileo,251,1943,bertolt brecht,einaudi,1898,1956,GERMANY,m,italiano,
civiltà sepolte - il romanzo dell'archeologia,502,1957,c. w. ceram,einaudi,1915,1972,GERMANY,m,italiano,
le poesie,338,V.Y.,cesare pavese,einaudi,1908,1950,ITALY,m,italiano,
consigli a un giovane ribelle,120,2001,christopher hitchens,einaudi,1949,2011,ENGLAND-USA,m,italiano,
figlio di dio,168,1973,cormac mccarthy,einaudi,1933,/,USA,m,italiano,
il buio fuori,208,1968,cormac mccarthy,einaudi,1933,/,USA,m,italiano,
la strada ,218,2006,cormac mccarthy,einaudi,1933,/,USA,m,italiano,
meridiano di sangue,344,1985,cormac mccarthy,einaudi,1933,/,USA,m,italiano,
non è un paese per vecchi,251,2005,cormac mccarthy,einaudi,1933,/,USA,m,italiano,
sunset limited,116,2006,cormac mccarthy,einaudi,1933,/,USA,m,italiano,
suttre,560,1979,cormac mccarthy,einaudi,1933,/,USA,m,italiano,
trilogia della frontiera,1034,1992,cormac mccarthy,einaudi,1933,/,USA,m,italiano,
considera l'aragosta,383,2005,david foster wallace,einaudi,1962,2008,USA,m,italiano,
infinite jest,1281,1996,david foster wallace,einaudi,1962,2008,USA,m,italiano,
la scopa del sistema,553,1987,david foster wallace,einaudi,1962,2008,USA,m,italiano,
americana,400,1971,don delillo,einaudi,1935,/,USA,m ,italiano,
cosmopolis,180,2003,don delillo,einaudi,1935,/,USA,m ,italiano,
underworld,885,1997,don delillo,einaudi,1935,/,USA,m ,italiano,
flatlandia,138,1884,edwin a. abbott,einaudi,1938,1926,ENGLAND,m,italiano,
"galassie, nuclei e quasar",188,1975,fred hoyle,einaudi,1915,1986,ENGLAND,m,italiano,
amsterdam,170,1998,ian mcewan,einaudi,1948,/,ENGLAND,m,italiano,
cortesie per gli ospiti,134,1981,ian mcewan,einaudi,1948,/,ENGLAND,m,italiano,
il giovane holden,242,1951,j.d. salinger,einaudi,1919,2010,USA,m,italiano,
la fisica dei supereroi,395,2005,james kakalios,einaudi,1958,/,USA,m,italiano,
"armi, acciaio e malattie",402,1997,jared diamond,einaudi,1937,/,USA,m,italiano,
collasso,566,2005,jared diamond,einaudi,1937,/,USA,m,italiano,
crisi,512,2019,jared diamond,einaudi,1937,/,USA,m,italiano,
domani nella battaglia pensa a me,283,1994,javier marias,einaudi,1951,/,SPAIN,m,italiano,
i vichinghi ,294,1960,johannes brondsted,einaudi,1890,1965,DENMARK,m,italiano,
cina: una storia millenaria,629,2012,kai vogelsang,einaudi,1969,/,GERMANY,m,italiano,
odissea,716,1963,omero,einaudi,/,/,GREECE,m,italiano,
il castello bianco,174,1979,orhan pamuk,einaudi,1952,/,TURKEY,m,italiano,
il mio nome è rosso,445,1998,orhan pamuk,einaudi,1952,/,TURKEY,m,italiano,
moon palace,328,1989,paul auster,einaudi,1947,/,USA,m,italiano,
trilogia di new york,314,1987,paul auster,einaudi,1947,/,USA,m,italiano,
leviatano,285,1992,paul auster,einaudi,1947,/,USA,m,italiano,
everyman,124,2006,philip roth,einaudi,1933,2018,USA,m,italiano,
lo scrittore fantasma,146,1979,philip roth,einaudi,1933,2018,USA,m,italiano,
pastorale americana,458,1997,philip roth,einaudi,1933,2018,USA,m,italiano,
dialoghi,567,1988,platone,einaudi,/,/,GREECE,m,italiano,
la grande macchina,244,1966,robert jungk,einaudi,1913,1994,GERMANY,m,italiano,
le più antiche storie del mondo,241,1952,theodor h. gaster,einaudi,1906,1992,ENGLAND-USA,m,italiano,
la rivoluzione copernicana,363,1957,thomas s. kuhn,einaudi,1922,1996,USA,m,italiano,
la conquista dell'america,320,1992,Tzvetan Todorov,einaudi,1939,201/,BULGARY-FRANCE,m,italiano,
l'urlo e il furore,318,1929,william faulkner,einaudi,1897,1962,USA,m,italiano,
crossroads,613,2021,jonathan franzen,einaudi,1959,/,USA,m,italiano,
cronaca di una morte annunciata,90,1991,gabriel garcia marquez,einaudi,1927,2014,COLOMBIA,m,italiano,
il comportamento sociale degli animali,215,1953,niko tinbergen,einaudi,1907,1988,HOLLAND,m,italiano,
dal mondo del pressappoco all'universo di precisione,134,1961,alexandre koyré,einaudi,1892,1964,FRANCE,m,italiano,
l'evoluzione,243,1965,giuseppe montalenti,einaudi,1904,1990,ITALY,m,italiano,
breve storia del pensiero scientifico,484,1959,charles singer,einaudi,1876,1960,ENGLAND,m,italiano,
everything and more,352,2003,david foster wallace,everything and more,1962,2008,USA,m,italiano,
la sindrome di atlantide,303,2001,paul jordan,fabbri editore,,,,m,italiano,
il popolo dell'autunno,239,1962,ray bradbury,fabbri editore,1920,2012,USA,m,italiano,
"nulla, solo la notte",138,1948,john williams,fazi editore,1922,1994,USA,m,italiano,
chronicles,270,2004,bob dylan,feltrinelli,1941,/,USA,m,italiano,
tarantula,340,1966,bob dylan,feltrinelli,1941,/,USA,m,italiano,
dell'origine,214,/,eraclito,feltrinelli,-535,-475,GREECE,m,italiano,
il gattopardo,299,1957,giuseppe tomasi di lampedusa,feltrinelli,1896,1957,ITALY,m,italiano,
il maestro e margherita,552,1940,mikhail bulgakov,feltrinelli,1891,1940,RUSSIA,m,italiano,
cent'anni di solitudine,426,1967,gabriel garcia marquez,feltrinelli,1927,2014,COLOMBIA,m,italiano,
scienza e politica nel mondo antico,218,1946,benjamin farrington,feltrinelli,1891,1974,IRELAND,m,italiano,
linguaggio e mito,143,1959,ernst cassirer,garzanti,1874,1945,GERMANY,m,italiano,
homo faber,284,1957,frisch,garzanti,1911,1991,SWITZERLAND,m,italiano,
andromeda,344,1969,micheal crichton,garzanti,1942,2008,USA,m,italiano,
in una notte buia uscii dalla mia casa silenziosa,192,1997,peter handke,garzanti,1942,/,AUSTRIA,m,italiano,
gargantua e pantagruele,875,1532,francesco rabelais,gherardo casini editore,1483-1494,1553,FRANCE,m,italiano,
guida turistica dell'universo,287,2021,emiliano ricci,giunti,1964,/,ITALY,m,italiano,
buchi neri l'oscura energia del cosmo,64,2003,shantena augusto sabbadini,gribaudo,1943,/,ITALY,m,italiano,
universo - conoscerlo per vederlo,192,2011,salvatore albano,il castello,1966,/,ITALY,m,italiano,
vita e morte dell'ordine dei templari,326,2005,Alain Demurger,Il giornale,1939,/,FRANCE,m,italiano,
cavalieri e cavalleria nel medioevo,286,1999,Jean Flori,Il giornale,1936,2018,FRANCE,m,italiano,
la grande storia delle crociate - volume primo,408,1999,jean richard,il giornale,1921,2021,FRANCE,m,italiano,
la grande storia delle crociate - volume secondo,803,1999,jean richard,il giornale,1921,2021,FRANCE,m,italiano,
l'equazione di dio,223,1999,amir d. aczel,il saggiatore,1950,2015,ISRAEL,m,italiano,
chronic city,457,2009,jonathan lethem,il saggiatore,1964,/,USA,m,italiano,
the legacy of david foster wallace,270,2012,samuel cohen - lee konstantinou,iowa,/,/,USA,m,italiano,
la vera storia del pirata long john silver,512,1998,bjorn larsson,iperborea,1953,/,SWEDEN,m,italiano,
il pastore d'islanda,160,2016,gunnar gunnarson,iperborea,1889,1975,ICELAND,m,italiano,
crepitio di stelle,256,2020,jon kalman stefansson,iperborea,1963,/,ICELAND,m,italiano,
grande come l'universo,429,2015,jon kalman stefansson,iperborea,1963,/,ICELAND,m,italiano,
il cuore dell'uomo,320,2011,jon kalman stefansson,iperborea,1963,/,ICELAND,m,italiano,
la tua assenza è tenebra,608,2020,jon kalman stefansson,iperborea,1963,/,ICELAND,m,italiano,
paradiso e inferno,240,2007,jon kalman stefansson,iperborea,1963,/,ICELAND,m,italiano,
storia di asta,325,2017,jon kalman stefansson,iperborea,1963,/,ICELAND,m,italiano,
norwegian blues,379,2014,levi henriksen,iperborea,1964,/,NORWAY,m,italiano,
il messia con la gamba di legno,136,1990,peter nilson ,iperborea,1937,1998,SWEDEN,m,italiano,
i giochi della notte,168,1947,stig dagerman,iperborea,1923,1954,SWEDEN,m,italiano,
fiabe finlandesi,224,2021,VV.AA.,iperborea,/,/,/,/,italiano,
fiabe svedesi,224,2017,VV.AA.,iperborea,/,/,/,/,italiano,
l'ultima avventura del pirata long john silver,78,2013,bjorn larsson,iperborea,1953,/,SWEDEN,m,italiano,
il paradiso ritrovato,347,1960,halldor laxness,iperborea,1902,1998,ICELAND,m,italiano,
il cerchio celtico,409,1992,bjorn larsson,iperborea,1953,/,SWEDEN,m,italiano,
lo smemorato di tapiola,232,1991,arto paasilinna,iperborea,1942,2018,FINLAND,m,italiano,
il figlio del dio del tuono,285,1984,arto paasilinna,iperborea,1942,2018,FINLAND,m,italiano,
il mugnaio urlante,276,1981,arto paasilinna,iperborea,1942,2018,FINLAND,m,italiano,
piccoli suicidi tra amici,259,1990,arto paasilinna,iperborea,1942,2018,FINLAND,m,italiano,
il bosco delle volpi,267,1983,arto paasilinna,iperborea,1942,2018,FINLAND,m,italiano,
il rogo ,150,1992,bergljot hobaek haff,iperborea,1925,2016,NORWAY,m,italiano,
la regina di saba,51,1897,knut hamsun,iperborea,1859,1952,NORWAY,m,italiano,
stoner,271,1965,john williams,l'espresso,1922,1994,USA,m,italiano,
amleto,151,1601,william shakespeare,l'unità,/,1616,ENGLAND,m,italiano,
macbeth,126,1606,william shakespeare,l'unità,/,1616,ENGLAND,m,italiano,
otello,139,1603,william shakespeare,l'unità,/,1616,ENGLAND,m,italiano,
re lear,134,1606,william shakespeare,l'unità,/,1616,ENGLAND,m,italiano,
romeo e giulietta,123,1597,william shakespeare,l'unità,/,1616,ENGLAND,m,italiano,
racconti ,289,V.Y.,Edgar Allan Poe,la biblioteca di repubblica,1809,1849,USA,m,italiano,
einstein e la relatività,96,2011,piergiorgio odifreddi,la biblioteca di repubblica,1950,/,ITALY,m,italiano,
"maxwell. elettricità, magnetismo e luce, una sola famiglia",95,2012,sheldon lee glashow,la biblioteca di repubblica,1932,/,USA,m,italiano,
gli esuli delle stelle,255,1971,andre norton,libra editrice,1912,2005,USA,f,italiano,slan libra 41
gladiatore in legge,272,1974,frederi k pohl - c.m. kornbluth,libra editrice,1919-1923,2013-1958,USA,m,italiano,classici libra 14
un ponte tra le stelle,256,1955,james e. gunn - jack williamson,libra editrice,1923-1908,2020-2006,USA,m,italiano,gli slan 1
la stella amara,270,1974,leigh brackett,libra editrice,1915,1978,USA,f,italiano,slan libra 23
il signore dell'universo,286,1951,raymond f. jones,libra editrice,1915,1994,USA,m,italiano,slan libra 26
l'agonia degli immortali,304,1965,Rena vale,libra editrice,1898,1983,USA,f,italiano,slan libra 25
un pianeta e tre stelle ,282,1955,stanton a. coblenz,libra editrice,1896,1982,USA,m,italiano,classici libra 43
nata dal vulcano,592,1975,tanith lee,libra editrice,1947,2015,ENGLAND,f,italiano,slan libra 36
l'abc della relatività,191,1958,bertrand russell,longanesi,1872,1950,USA,m,italiano,
fuga dal labirinto ,185,1968,e.c. tubb,longanesi,1919,2010,ENGLAND,m,italiano,pocket fantascienza 520
jack delle ombre ,169,1971,roger zelazny,longanesi,1937,1995,USA,m,italiano,pocket fantascienza 534
la città morta ,185,1963,samuel r. delany,longanesi,1942,/,USA,m,italiano,pocket fantascienza 548
shotgun lovesongs,318,2014,nickolas butler,marsilio,1979,/,USA,m,italiano,
verso l'occidente l'impero dirige il suo corso,240,1989,david foster wallace,minimum fax,1962,2008,USA,m,italiano,
le ateniesi,160,2015,alessandro barbero,mondadori,1959,/,ITALY,m,italiano,
la leggenda di colton h. bryant,229,2008,alexandra fuller,mondadori,1969,/,ENGLAND,f,italiano,
delitto alla base spaziale,172,1963,charles eric maine,mondadori,1921,1981,ENGLAND,m,italiano,classici urania 109
il dottor faust,217,1588,christopher marlowe,mondadori,1564,1593,ENGLAND,m,italiano,
cosmologia moderna,218,1971,dennis w. sciama,mondadori,1926,1999,ENGLAND,m,italiano,
guida galattica per gli autostoppisti,645,1992,douglas adams,mondadori,1952,2001,ENGLAND,m,italiano,
la marcia,365,2005,e.l. doctorow,mondadori,1931,2015,USA,m,italiano,
il medioevo (1100-1350),456,1962,friedrich heer,mondadori,1916,1983,AUSTRIA,m,italiano,
biografia della fisica,366,1963,george gamow,mondadori,1904,1968,RUSSIA-USA,m,italiano,
la creazione dell'universo,186,1956,george gamow,mondadori,1904,1968,RUSSIA-USA,m,italiano,
"mister tompkins, l'atomo e l'universo",209,1940,george gamow,mondadori,1904,1968,RUSSIA-USA,m,italiano,
"il ""ponte"" di quattro giorni",175,1966,george henry smith,mondadori,1922,1996,USA,m,italiano,classici urania 106
le cronache del ghiaccio e del fuoco vol. 1 ,1599,1996,george r.r. martin,mondadori,1948,/,USA,m,italiano,
stella doppia 61 cygni,189,1953,hal clement,mondadori,1922,2003,USA ,m,italiano,classici urania 129
le basi della matematica moderna,191,1973,helmut seiffert,mondadori,1927,2000,GERMANY,m,italiano,
moby dick,770,1851,herman melville,mondadori,1819,1891,USA,m,italiano,
antologia personale - volume primo,303,1969,isaac asimov,mondadori,1920,1992,RUSSIA-USA,m,italiano,
antologia personale - volume secondo,288,1975,isaac asimov,mondadori,1920,1992,RUSSIA-USA,m,italiano,
il libro di fisica,575,1984,isaac asimov,mondadori,1920,1992,RUSSIA-USA,m,italiano,
in principio,273,1981,isaac asimov,mondadori,1920,1992,RUSSIA-USA,m,italiano,
il sentiero dei nidi di ragno,207,1951,italo calvino ,mondadori,1923,1985,ITALY,m,italiano,
il caso e la necessità,198,1970,jacques monod,mondadori,1910,1976,FRANCE,m,italiano,
ulisse,1038,1920,james joyce,mondadori,1882,1941,IRELAND,m,italiano,
gente di dublino,208,1914,james joyce,mondadori,1882,1941,IRELAND,m,italiano,
la morte nell'anima,378,1949,jean paul sartre,mondadori,1905,1980,FRANCE,m,italiano,
la nausea,264,1938,jean paul sartre,mondadori,1905,1980,FRANCE,m,italiano,
poesie,512,1817,john keats,mondadori,1795,1821,ENGLAND,m,italiano,
paradiso perduto,889,1667,john milton,mondadori,1608,1674,ENGLAND,m,italiano,
la valle lunga,363,1953,john steinbeck,mondadori,1902,1968,USA,m,italiano,
i pilastri della terra,1031,1989,ken follett,mondadori,1949,/,ENGLAND,m,italiano,
mondo senza fine ,1367,2007,ken follett,mondadori,1949,/,ENGLAND,m,italiano,
la fisica delle particelle,271,1963,kenneth w. ford,mondadori,1926,/,USA,m,italiano,
natura e destino,392,1978,konrad lorenz,mondadori,1903,1989,AUSTRIA,m,italiano,
caccia al tesoro nell'universo,237,2009,lucy hawking / s.w. hawking,mondadori,1962 - 1942,/ - 2018,ENGLAND,f / m,italiano,
la chiave segreta dell'universo,223,2007,lucy hawking / s.w. hawking,mondadori,1962 - 1942,/ - 2018,ENGLAND,f / m,italiano,
enigma 1973,151,1963,mark phillips - randall philip garrett ,mondadori,1933 - 1927,2002 - 1987,USA,m,italiano,oscar fantascienza 899
superforza - verso una teoria unificata dell'universo,313,1984,paul davies,mondadori,1946,/,USA,m,italiano,
l'enigma della gravitazione,214,1968,peter g. bergmann,mondadori,1915,2002,GERMANY,m,italiano,
dalla microsifica alla macrofisica,229,1974,piero caldirola,mondadori,1914,1984,ITALY,m,italiano,
la fine del silenzio,291,1944,raymond f. jones,mondadori,1915,1994,USA,m,italiano,oscar fantascienza 889
i figli di matusalemme,167,1958,robert a. heinlein,mondadori,1907,1988,USA ,m,italiano,oscar 821
la porta sull'estate,167,1957,robert a. heinlein,mondadori,1907,1988,USA ,m,italiano,classici urania 64
universo,171,1965,robert a. heinlein,mondadori,1907,1988,USA ,m,italiano,classici urania 1
breve storia della mia vita,134,2013,s.w. hawking,mondadori,1942,2018,ENGLAND,m,italiano,
versi satanici,576,1988,salman rushdie,mondadori,1947,/,INDIA-ENGLAND-USA,m,italiano,
i primi tre minuti,217,1977,steven weinberg,mondadori,1933,2021,USA,m,italiano,
infinito,310,1994,tullio regge,mondadori,1931,2014,ITALY,m,italiano,
l'ultimo  di un condannato a morte,98,1829,victor hugo,mondadori,1802,1885,FRANCE,m,italiano,
il borgo,424,1940,william faulkner,mondadori,1897,1962,USA,m,italiano,
"scendi, mosè",387,1942,william faulkner,mondadori,1897,1962,USA,m,italiano,
amleto,347,1601,william shakespeare,mondadori,/,1616,ENGLAND,m,italiano,
il mercante di venezia,213,1598,william shakespeare,mondadori,/,1616,ENGLAND,m,italiano,
macbeth,204,1606,william shakespeare,mondadori,/,1616,ENGLAND,m,italiano,
l'incantatrice di firenze,375,2008,salman rushdie,mondadori,1947,/,INDIA-ENGLAND-USA,m,italiano,
il significato della relatività - il mondo come io lo vedo,256,1934,albert einstein,newton compton,1879,1955,GERMANY,m,italiano,
breve storia delle religioni,298,1991,ambrogio donini,newton compton,1903,1991,ITALY,m,italiano,
Racconti del terrore,125,1845,Edgar Allan Poe,newton compton,1809,1949,USA,m,italiano,
il rosso e il nero,380,1830,stendhal,newton compton,1783,1842,FRANCE,m,italiano,
sogno di una notte di mezza estate,153,1590,william shakespeare,newton compton,1564,1616,ENGLAND,m,italiano,
le armi di isher,454,1946,a.e. van vogt,nord,1912,2000,CANADA,m,italiano,cosmo oro 33
il guardiano degli innocenti,372,1993,andrzej sapkowski,nord,1948,/,POLAND,m,italiano,
il pianeta nell'occhio del tempo,160,1970,brian earnshaw,nord,1929,/,ENGLAND,m,italiano,cosmo 2
la pista dei mutanti,150,1975,dean r. koontz,nord,1945,/,USA,m,italiano,cosmo 73
il pianeta dei dannati,270,1962,harry harrison,nord,1925,2012,USA,m,italiano,cosmo oro 57
l'atomo stagnante,182,1963,jeff sutton,nord,1913,1979,USA,m,italiano,cosmo 3
furia dall'ignoto,224,1965,lloyd biggle jr. ,nord,1923,2002,USA,m,italiano,cosmo 4
iseneg,191,1990,luigi menghini,nord,1946,/,ITALY,m,italiano,cosmo 211
la civiltà dei solari,170,1966,norman spinrad,nord,1940,/,USA ,m,italiano,cosmo 1
antologia internazionale di fantascienza,294,1987,VV.AA.,nord,/,/,/,/,italiano,cosmo 181
the planets - their origin and development,245,1952,harold c. urey,oxford,1893,1981,USA,m,english,
nel cuore della cometa,574,1986,gregory benford - David Brin,penguin classic,1941  & 1950,/,USA,m,italiano,tascabili 8.22
il gioco di gerald,368,1992,stephen king,pickwick,1947,/,USA,m,italiano,
entanglement,260,2001,amir d. aczel,raffaello cortina editore,1950,2015,ISRAEL,m,italiano,
i conigli di schrodinger,323,2004,colin bruce,raffaello cortina editore,,/,ENGLAND,m,italiano,
il mistero della massa mancante nell'universo,496,2000,lawrence krauss,raffaello cortina editore,1954,/,USA,m,italiano,
frankenstein,273,1818,mary shelley,raffaello cortina editore,1797,1851,ENGLAND,f,english,
alice nel paese dei quanti,247,1994,robert gilmore,raffaello cortina editore,1941,/,USA,m,italiano,
contatto cosmico ,304,1973,carl sagan,rizzoli,1934,1996,USA,m,italiano,
in un volo di storni. le meraviglie dei sistemi complessi,124,2021,giorgio parisi,rizzoli,1948,/,ITALY,m,italiano,
stelle come polvere,284,1951,isaac asimov,rizzoli,1920,1992,RUSSIA-USA,m,italiano,cosmo oro 3
supernove,256,1985,isaac asimov,rizzoli,1920,1992,RUSSIA-USA,m,italiano,
le affinità elettive,364,1809,j wolfgang goethe,rizzoli,1749,1832,GERMANY,m,italiano,
il milione,514,1298,marco polo,rizzoli,1254,1324,ITALY,m,italiano,
il quanto di natale,317,1996,robert gilmore,rizzoli,1941,/,USA,m,italiano,
l'arcobaleno della gravità,1039,1973,thomas pinchon,rizzoli,1937,/,USA,m,italiano,
l'enigma dei numeri primi,606,2003,marcus du sautoy,rizzoli,1965,/,ENGLAND,m,italiano,
breve storia del cosmo,245,1998,gerard staguhn,salani,1952,/,GERMANY,m,italiano,
la letteratura cinese,470,1968,giuliano bertuccioli,sansoni,1923,2001,ITALY,m,italiano,
alabama,262,2021,alessandro barbero,sellerio editore,1959,/,ITALY,m,italiano,
le isole aran,187,1907,j.m. synge,sellerio editore,1871,1909,IRELAND,m,italiano,
a proposito dell'esistenza di dio,164,2022,mario motta,sellerio editore,1923,2013,ITALY,m,italiano,
lo zen e l'arte della manutenzione della motocicletta,402,1974,robert m. pirsig,superpocket,1928,2017,USA,m,italiano,
the golden age of dc comics 1935-1956,672,2012,paul levitz,taschen,1956,/,USA,m,english,
breve storia di quasi tutto,589,2003,bill bryson,tea,1951,/,USA,m,italiano,
notizie da un'isoletta,320,1995,bill bryson,tea,1951,/,USA,m,italiano,
una città o l'altra,346,1991,bill bryson,tea,1951,/,USA,m,italiano,
un fisico in salotto,259,2011,guido corbò,tea,,/,ITALY,m,italiano,
il potere dei druidi ,458,1990,morgan llywelyn,tea,1937,/,IRELAND-USA,f,italiano,
la mano sinistra di dio,441,2010,paul hoffman,tea,1953,/,ENGLAND,m,italiano,
le quattro cose ultime,398,2011,paul hoffman,tea,1953,/,ENGLAND,m,italiano,
i colori di morrow,141,1972,a. bertram chandler,urania (mondadori),1912,1984,ENGLAND - AUSTRALIA,m,italiano,urania 637
crociera nell'infinito,224,1950,a.e. van vogt,urania (mondadori),1912,2000,CANADA,m,italiano,classici urania 22
l'uomo disintegrato,224,1953,alfred bester,urania (mondadori),1913,1987,USA,m,italiano,classici urania 34
le rive di un altro mare,148,1971,chad oliver,urania (mondadori),1928,1993,USA,m,italiano,urania 599
le spirali del tempo,192,1957,chad oliver,urania (mondadori),1928,1993,USA,m,italiano,classici urania 29
il pianeta dei superstiti,141,1974,damon knight,urania (mondadori),1922,2002,USA,m,italiano,urania 641
il gradino di venere,144,1970,david grinnell,urania (mondadori),1914,1990,USA,m,italiano,urania 588
mille e una terra,178,1971,david mason,urania (mondadori),1924,1974,USA,m,italiano,urania 607
i giganti di pietra,158,1948,donald wandrei,urania (mondadori),1908,1987,USA,m,italiano,classici urania 14
la macchina televettrice,164,1971,edward d. hoch,urania (mondadori),1930,2008,USA,m,italiano,urania 652
un pianeta impossibile,128,1960,frank crisp,urania (mondadori),1915,1996,ENGLAND,m,italiano,urania 252
il trono dei berserker,191,1985,fred saberhagen,urania (mondadori),1930,2007,USA,m,italiano,urania 1201
alpha aleph,134,1972,frederi k pohl,urania (mondadori),1919,2013,USA,m,italiano,urania 663
stella doppia 61 cygni,154,1953,hal clement,urania (mondadori),1992,2003,USA,m,italiano,classici urania 129
Antologia del bicentenario n. 2,145,1951,isaac asimov,urania (mondadori),1920,1992,RUSSIA-USA,m,italiano,urania 738
il meglio di asimov vol.1,238,1975,isaac asimov,urania (mondadori),1920,1992,RUSSIA-USA,m,italiano,oscar 1088
il meglio di asimov vol.2 ,205,1975,isaac asimov,urania (mondadori),1920,1992,RUSSIA-USA,m,italiano,oscar 1088
"lucky starr, il vagabondo dello spazio",147,1952,isaac asimov,urania (mondadori),1920,1992,RUSSIA-USA,m,italiano,oscar 2006
l'osservatorio ,130,1974,james sutherland,urania (mondadori),1900,1996,SCOTLAND,m,italiano,urania 667
alpha tauri: missione n. 92,162,1970,jeff sutton,urania (mondadori),1913,1979,USA,m,italiano,urania 573
mnemoblocco di stato,170,1972,jeff sutton,urania (mondadori),1913,1979,USA,m,italiano,urania 616
secolo xxii,170,1970,jeff sutton,urania (mondadori),1913,1979,USA,m,italiano,urania 930
super-h sull'america,150,1967,jeff sutton,urania (mondadori),1913,1979,USA,m,italiano,urania 489
abominazione atlantica ,130,1960,john brunner,urania (mondadori),1934,1995,ENGLAND,m,italiano,urania 564
grazie di tutto,136,1965,john brunner,urania (mondadori),1934,1995,ENGLAND,m,italiano,urania 577
una ruga sulla terra,174,1965,john christopher,urania (mondadori),1922,2012,ENGLAND,m,italiano,urania 463
l'ultima esplosione,128,1960,john e. muller,urania (mondadori),1935,/,ENGLAND,m,italiano,urania 254
"astronave ""redshft""",184,1990,john e. stith,urania (mondadori),1947,/,USA,m,italiano,urania 1122
primo agente galattico,139,1973,john t. phillifent,urania (mondadori),1916,1976,ENGLAND,m,italiano,urania 661
avventura nell'iperspazio,176,1954,john w. campbell jr.,urania (mondadori),1910,1971,USA,m,italiano,urania 370
le gabbie dell'infinito,128,1965,kenneth bulmer,urania (mondadori),1921,2005,ENGLAND,m,italiano,urania 478
l'abitatore,138,1974,kenneth f. gantz,urania (mondadori),1905,1996,USA,m,italiano,urania 654
dynostar,166,1975,kit pedler - gerry davis,urania (mondadori),1927 - 1930,1981 - 1991,ENGLAND,m,italiano,urania 684
l'effetto dinosauro,176,1974,kit pedler - gerry davis,urania (mondadori),1927 - 1930,1981 - 1991,ENGLAND,m,italiano,urania 650
cybernia,160,1972,lou cameron,urania (mondadori),1924,2010,USA,m,italiano,urania 611
killer sull'asteroide,168,1967,louis charbonneau,urania (mondadori),1924,2017,USA,m,italiano,urania 486
fantalmanacco,196,1964,mack reynolds - keith laumer,urania (mondadori),1917 - 1925,1983 - 1993,USA,m,italiano,urania 477
i danzatori di noyo,164,1973,margaret st. clair,urania (mondadori),1911,1995,USA,f,italiano,urania 678
gli infiniti ritorni,127,1961,marren bagels,urania (mondadori),1946,/,ITALY,m,italiano,urania 272
la ragione dei granchi,143,1973,micheal elder,urania (mondadori),1931,2004,SCOTLAND,m,italiano,urania 636
i greks portano doni,128,1964,murray leinster,urania (mondadori),1896,1975,USA ,m,italiano,urania 695
progetto quatermass,188,1960,nigel kneale,urania (mondadori),1922,2006,ENGLAND,m,italiano,classici urania 4
l'incubo dei syn,144,1969,raymond f. jones,urania (mondadori),1915,1994,USA,m,italiano,urania 548
i mondi di eklos,143,1959,rex gordon,urania (mondadori),1917,1998,ENGLAND,m,italiano,urania 746
regola per sopravvivere,205,1952,richard mateson,urania (mondadori),1926,2013,USA,m,italiano,
universo,170,1965,robert heinlein,urania (mondadori),1907,1988,USA,m,italiano,classici urania 1
follia planetaria,138,1967,roger dee,urania (mondadori),1914,2004,USA,m,italiano,urania 459
arca seconda,156,1970,roger dixon,urania (mondadori),1930,1983,ENGLAND,m,italiano,urania 723
prove di maturità,133,1974,roger elwood,urania (mondadori),1943,2007,USA,m,italiano,urania 670
antologia scolastica n. 3,137,1971,VV.AA.,urania (mondadori),/,/,/,/,italiano,urania 593
buone notizie dal vaticano,164,1971,VV.AA.,urania (mondadori),/,/,/,m,italiano,urania 623
le strade dell'invasione,164,1951,VV.AA.,urania (mondadori),/,/,/,/,italiano,urania 472
pistolero fuori tempo,138,1974,VV.AA.,urania (mondadori),/,/,/,/,italiano,urania 676
il mondo di logan,155,1977,william f. nolan,urania (mondadori),1928,2021,USA,m,italiano,oscar 941
sam space. spazio-investigatore,168,1971,william f. nolan,urania (mondadori),1928,2021,USA,m,italiano,urania 617
segnali da giove,156,1980,zach hughes,urania (mondadori),1928,2016,USA,m,italiano,urania 923
the book of nothing,384,2002,john d. barrow ,Vintage Books,1952,2020,ENGLAND,m,english,
trent'anni che sconvolsero la fisica,205,1966,george gamow,zanichelli,1904,1968,RUSSIA-USA,m,italiano,
parlo svedese,216,1973,VV.AA.,antonio vallardi editore,/,/,/,/,italiano,
teorie cosmologiche rivali,78,1960,VV.AA.,einaudi,/,/,/,/,italiano,
storia e filosofia,338,1969,paolo rossi,einaudi,1923,2012,ITALY,m,italiano,
il progresso nel mondo antico,312,1963,v. gordon childe,einaudi,1892,1957,AUSTRALIA,m,italiano,
manuale di preistoria,461,1958,raymond furon,einaudi,1898,1986,FRANCE,m,italiano,
storia dell'uomo,435,1954,carleton s. coon,garzanti,1904,1981,USA,m,italiano,
la rivoluzione francese - volume secondo,511,1960,albert mathiez - georges lefebvre,einaudi,"1874, 1874","1932, 1959",FRANCE,m,italiano,
la città ,480,1957,william faulkner,mondadori,1897,1962,USA,m,italiano,
le origini dell'epica geca,469,1960,gillbert murray,sansoni,1866,1957,AUSTRALIA,m,italiano,
baudolino,526,2000,umberto eco,bompiani,1932,2016,ITALY,m,italiano,
notre dame de paris,595,1831,victor hugo,la biblioteca di repubblica,1802,1885,FRANCE,m,italiano,
il suono del mondo ,122,1991,giampiero comolli ,theoria,1950,/,ITALY,m,italiano,
sociologia della religione - l'antico giudaismo,412,1920,max weber ,newton compton,1864,1920,GERMANY,m,italiano,
il materialismo dialettico ,125,1947,henri lefebvre,einaudi,1901,1991,FRANCE,m,italiano,
il pianeta doppio,153,1960,isaac asimov,sonzogno,1920,1992,RUSSIA-USA,m,italiano,
introduction to plasma physics,175,1975,b.m. smirnov,Mir Publishers Moscow,1938,/,RUSSIA,m,english,
universo e dintorni,351,1978,AA.VV.,garzanti,/,/,/,/,italiano,
apocalittici e integrati,389,1977,umberto eco,bompiani,1932,2016,ITALY,m,italiano,
il ramo d'oro,830,1890,frazer,newton compton,1854,1941,WALES,m,italiano,
il dottor Zivago,717,1957,b.l. pasternak,feltrinelli,1890,1960,RUSSIA,m,italiano,
kamasutra,335,2002,vatsyayana mallanaga,adelphi,/,/,INDIA,m,italiano,
il volo spaziale,187,1969,cesare cremona,Edizioni RAI,/,/,ITALY,m,italiano,
strade per la libertà,251,1971,bertrand russell,newton compton,1872,1950,USA,m,italiano,
giobbe,190,1930,joseph roth,corriere della sera,1894,1939,AUSTRIA,m,italiano,
ritratto dell'artista da giovane,221,1916,james joyce,newton compton,1882,1941,IRELAND,m,italiano,
romanzi e racconti,497,V.Y.,Aleksandr Sergeevic Puskin,garzanti,1799,1837,RUSSIA,m,italiano,
teoria del romanzo,190,1974,guorgy lukacs,newton compton,1885,1971,HUNGARY,m,italiano,
viaggio di un professore tedesco all'Eldorado,63,1905,ludwig boltzmann ,ibis ,1844,1906,AUSTRIA,m,italiano,
american gods,760,2001,neil gaiman,mondadori,1960,/,ENGLAND,m,italiano,
the cambridge quintet,181,1998,john l. casti,abacus,1943,/,USA,m,italiano,
gli annni futuri secondi le profezie di nostradamus,148,1976,renucio boscolo,meb,1945,/,ITALY,m,italiano,
new york metro per metro,176,2023,piero armenti,mondadori,1979,/,ITALY,m,italiano,
zanna bianca,265,1906,jack london,mondadori,1876,1916,USA,m,italiano,
fuga senza fine ,152,1964,joseph roth,adelphi,1894,1939,AUSTRIA,m,italiano,
liriche cinesi,250,V.Y.,VV.AA.,einaudi,/,/,/,m,italiano,
il contratto sociale,133,1762,jean jacques rousseau,mursia,1712,1778,SWITZERLAND,m,italiano,
cultura e antropologia,153,1983,pietro rossi,einaudi,1930,2023,ITALY,m,italiano,
arte paleolitica,255,1967,peter J. Ucko - Andrée rosenfeld,il saggiatore,1938 / 1934,2008 / 2008,ENGLAND / BELGIUM,m,italiano,
i manoscritti del mar morto,147,1958,edmund wilson,einaudi,1895,1972,USA,m,italiano,
l'alto medioevo,463,1968,jan dhondt,feltrinelli,1915,1972,BELGIUM,m,italiano,
montezuma,222,1972,c.a. burland,einaudi,1905,1983,ENGLAND,m,italiano,
logica,214,2007,francesco berto,editori laterza,1973,/,ITALY,m,italiano,
il rogo dei templari,295,1963,georges bordonove,sugar editore,1920,2007,FRANCE,m,italiano,
idilli di messina - la gaia scienza e scelta di frammenti postumi,436,V.Y.,friedrich nietzsche,mondadori,1844,1900,GERMANY,m,italiano,
il grande sonno,234,1939,raymond chandler,la biblioteca di repubblica,1888,1959,USA,m,italiano,
arcipelago gulag,607,1973,aleksandr solzenicyn,mondadori,1918,2008,RUSSIA ,m,italiano,
la battaglia di benevento,409,1827,francesco domenico guerrazzi,sonzogno,1804,1873,ITALY,m,italiano,
il navigatore del diluvio,156,1979,mario brelich,adelphi,1910,1982,ITALY,m,italiano,
la via dello Swat,105,1978,giuseppe tucci,newton compton,1894,1984,ITALY,m,italiano,
quel che resta del giorno,294,1989,kazuo ishiguro,einaudi,1954,/,JAPAN,m,italiano,
sabbia e onda,113,1979,kahlil gibran,guanda,1883,1931,LEBANON,m,italiano,
cuori solitari del cosmo,550,1991,dennis overbye,rizzoli,1944,/,USA,m,italiano,
sette storie gotiche,410,1934,karen blixen,bompiani,1885,1962,DENMARK,m,italiano,
scienza e filosofia,218,196,karl r. popper,einaudi,1902,1994,AUSTRIA-ENGLAND,m,italiano,
il medioevo,126,2006,jacques le goff,editori laterza,1924,2014,FRANCE,m,italiano,
ricordi dal sottosuolo,204,1864,fedor m. dostoevskij,longanesi,1821,1881,RUSSIA,m,italiano,
diario africano,88,2002,bill bryson,guanda,1951,/,USA,m,italiano,
storia della rivoluzione russa - 1 di 2,521,1950,lev trotsky,mondadori,1879,1940,RUSSIA,m,italiano,
storia della rivoluzione russa - 2 di 2,753,1950,lev trotsky,mondadori,1879,1940,RUSSIA,m,italiano,
la leggenda del figlio del re horkham,185,1984,saul israel,adelphi,1897,1981,ITALY,m,italiano,
doctor faustus,594,1947,thomas mann,mondadori,1875,1955,GERMANY,m,italiano,
quel fantastico giovedì,268,1954,john steinbeck,mondadori,1902,1968,USA,m,italiano,
i pascoli del cielo,222,1932,john steinbeck,mondadori,1902,1968,USA,m,italiano,
città scomparse,361,1955,hermann schreiber - georg schreiber,garzanti,1920 - 1922,2014 - 2012,GERMANY,m,italiano,
storia della letteratura americana,601,1954,marcus cunliffe,mondadori,1922,1990,ENGLAND,m,italiano,
l'impatto della scienza sulla società,139,1952,bertrand russell,newton compton,1872,1950,USA,m,italiano,
sociologia della religione - induismo e buddhismo,327,1916,max weber ,newton compton,1864,1920,GERMANY,m,italiano,
storia d'europa dalle invasioni al XVI secolo,441,1936,hernri pirenne,newton compton,1862,1935,BELGIUM,m,italiano,
the longest journey,327,1907,edward morgan forster,new directions,1879,1970,ENGLISH,m,english,
macbeth,190,1606,william shakespeare,Thomson Learning,/,1616,ENGLAND,m,english,
racconti d'inverno,265,1942,karen blixen,club edizioni,1885,1962,DENMARK,m,italiano,